day of year,day,month,year,temperature min,temperature max,date,filename
1,1,1,18,48.5,71.9000015258789,2018-01-01,C:\Users\Travis Collier\Desktop\proj\ddtool\testfiles\LAAR18
2,2,1,18,52.79999923706055,72.19999694824219,2018-01-02,C:\Users\Travis Collier\Desktop\proj\ddtool\testfiles\LAAR18
3,3,1,18,57.099998474121094,71.5999984741211,2018-01-03,C:\Users\Travis Collier\Desktop\proj\ddtool\testfiles\LAAR18
4,4,1,18,54.20000076293945,75.0,2018-01-04,C:\Users\Travis Collier\Desktop\proj\ddtool\testfiles\LAAR18
5,5,1,18,53.900001525878906,71.80000305175781,2018-01-05,C:\Users\Travis Collier\Desktop\proj\ddtool\testfiles\LAAR18
6,6,1,18,57.599998474121094,68.30000305175781,2018-01-06,C:\Users\Travis Collier\Desktop\proj\ddtool\testfiles\LAAR18
7,7,1,18,56.70000076293945,72.5,2018-01-07,C:\Users\Travis Collier\Desktop\proj\ddtool\testfiles\LAAR18
8,8,1,18,60.5,64.4000015258789,2018-01-08,C:\Users\Travis Collier\Desktop\proj\ddtool\testfiles\LAAR18
9,9,1,18,51.20000076293945,60.5,2018-01-09,C:\Users\Travis Collier\Desktop\proj\ddtool\testfiles\LAAR18
10,10,1,18,47.79999923706055,66.30000305175781,2018-01-10,C:\Users\Travis Collier\Desktop\proj\ddtool\testfiles\LAAR18
11,11,1,18,48.5,71.0999984741211,2018-01-11,C:\Users\Travis Collier\Desktop\proj\ddtool\testfiles\LAAR18
12,12,1,18,50.599998474121094,71.5,2018-01-12,C:\Users\Travis Collier\Desktop\proj\ddtool\testfiles\LAAR18
13,13,1,18,53.29999923706055,82.69999694824219,2018-01-13,C:\Users\Travis Collier\Desktop\proj\ddtool\testfiles\LAAR18
14,14,1,18,57.20000076293945,81.9000015258789,2018-01-14,C:\Users\Travis Collier\Desktop\proj\ddtool\testfiles\LAAR18
15,15,1,18,52.5,69.0,2018-01-15,C:\Users\Travis Collier\Desktop\proj\ddtool\testfiles\LAAR18
16,16,1,18,52.0,72.69999694824219,2018-01-16,C:\Users\Travis Collier\Desktop\proj\ddtool\testfiles\LAAR18
17,17,1,18,53.0,77.19999694824219,2018-01-17,C:\Users\Travis Collier\Desktop\proj\ddtool\testfiles\LAAR18
18,18,1,18,55.0,72.9000015258789,2018-01-18,C:\Users\Travis Collier\Desktop\proj\ddtool\testfiles\LAAR18
19,19,1,18,55.29999923706055,63.20000076293945,2018-01-19,C:\Users\Travis Collier\Desktop\proj\ddtool\testfiles\LAAR18
20,20,1,18,51.0,63.900001525878906,2018-01-20,C:\Users\Travis Collier\Desktop\proj\ddtool\testfiles\LAAR18
21,21,1,18,45.70000076293945,64.9000015258789,2018-01-21,C:\Users\Travis Collier\Desktop\proj\ddtool\testfiles\LAAR18
22,22,1,18,45.79999923706055,69.69999694824219,2018-01-22,C:\Users\Travis Collier\Desktop\proj\ddtool\testfiles\LAAR18
23,23,1,18,47.900001525878906,76.30000305175781,2018-01-23,C:\Users\Travis Collier\Desktop\proj\ddtool\testfiles\LAAR18
24,24,1,18,50.400001525878906,76.9000015258789,2018-01-24,C:\Users\Travis Collier\Desktop\proj\ddtool\testfiles\LAAR18
25,25,1,18,49.20000076293945,63.400001525878906,2018-01-25,C:\Users\Travis Collier\Desktop\proj\ddtool\testfiles\LAAR18
26,26,1,18,47.400001525878906,69.0,2018-01-26,C:\Users\Travis Collier\Desktop\proj\ddtool\testfiles\LAAR18
27,27,1,18,49.099998474121094,74.30000305175781,2018-01-27,C:\Users\Travis Collier\Desktop\proj\ddtool\testfiles\LAAR18
28,28,1,18,51.099998474121094,82.19999694824219,2018-01-28,C:\Users\Travis Collier\Desktop\proj\ddtool\testfiles\LAAR18
29,29,1,18,53.599998474121094,87.5999984741211,2018-01-29,C:\Users\Travis Collier\Desktop\proj\ddtool\testfiles\LAAR18
30,30,1,18,60.099998474121094,82.69999694824219,2018-01-30,C:\Users\Travis Collier\Desktop\proj\ddtool\testfiles\LAAR18
31,31,1,18,55.0,76.19999694824219,2018-01-31,C:\Users\Travis Collier\Desktop\proj\ddtool\testfiles\LAAR18
32,1,2,18,54.5,78.5999984741211,2018-02-01,C:\Users\Travis Collier\Desktop\proj\ddtool\testfiles\LAAR18
33,2,2,18,55.599998474121094,80.30000305175781,2018-02-02,C:\Users\Travis Collier\Desktop\proj\ddtool\testfiles\LAAR18
34,3,2,18,55.20000076293945,77.5,2018-02-03,C:\Users\Travis Collier\Desktop\proj\ddtool\testfiles\LAAR18
35,4,2,18,53.099998474121094,77.5999984741211,2018-02-04,C:\Users\Travis Collier\Desktop\proj\ddtool\testfiles\LAAR18
36,5,2,18,52.900001525878906,77.30000305175781,2018-02-05,C:\Users\Travis Collier\Desktop\proj\ddtool\testfiles\LAAR18
37,6,2,18,55.79999923706055,74.30000305175781,2018-02-06,C:\Users\Travis Collier\Desktop\proj\ddtool\testfiles\LAAR18
38,7,2,18,53.70000076293945,83.0,2018-02-07,C:\Users\Travis Collier\Desktop\proj\ddtool\testfiles\LAAR18
39,8,2,18,55.599998474121094,78.4000015258789,2018-02-08,C:\Users\Travis Collier\Desktop\proj\ddtool\testfiles\LAAR18
40,9,2,18,51.20000076293945,75.19999694824219,2018-02-09,C:\Users\Travis Collier\Desktop\proj\ddtool\testfiles\LAAR18
41,10,2,18,56.900001525878906,66.30000305175781,2018-02-10,C:\Users\Travis Collier\Desktop\proj\ddtool\testfiles\LAAR18
42,11,2,18,50.70000076293945,69.0,2018-02-11,C:\Users\Travis Collier\Desktop\proj\ddtool\testfiles\LAAR18
43,12,2,18,51.70000076293945,62.5,2018-02-12,C:\Users\Travis Collier\Desktop\proj\ddtool\testfiles\LAAR18
44,13,2,18,50.5,64.9000015258789,2018-02-13,C:\Users\Travis Collier\Desktop\proj\ddtool\testfiles\LAAR18
45,14,2,18,54.099998474121094,69.4000015258789,2018-02-14,C:\Users\Travis Collier\Desktop\proj\ddtool\testfiles\LAAR18
46,15,2,18,52.099998474121094,70.9000015258789,2018-02-15,C:\Users\Travis Collier\Desktop\proj\ddtool\testfiles\LAAR18
47,16,2,18,49.5,75.0999984741211,2018-02-16,C:\Users\Travis Collier\Desktop\proj\ddtool\testfiles\LAAR18
48,17,2,18,50.70000076293945,75.0,2018-02-17,C:\Users\Travis Collier\Desktop\proj\ddtool\testfiles\LAAR18
49,18,2,18,48.400001525878906,66.5999984741211,2018-02-18,C:\Users\Travis Collier\Desktop\proj\ddtool\testfiles\LAAR18
50,19,2,18,48.5,61.20000076293945,2018-02-19,C:\Users\Travis Collier\Desktop\proj\ddtool\testfiles\LAAR18
51,20,2,18,40.29999923706055,62.900001525878906,2018-02-20,C:\Users\Travis Collier\Desktop\proj\ddtool\testfiles\LAAR18
52,21,2,18,47.20000076293945,60.900001525878906,2018-02-21,C:\Users\Travis Collier\Desktop\proj\ddtool\testfiles\LAAR18
53,22,2,18,44.599998474121094,60.099998474121094,2018-02-22,C:\Users\Travis Collier\Desktop\proj\ddtool\testfiles\LAAR18
54,23,2,18,45.400001525878906,61.599998474121094,2018-02-23,C:\Users\Travis Collier\Desktop\proj\ddtool\testfiles\LAAR18
55,24,2,18,41.79999923706055,61.599998474121094,2018-02-24,C:\Users\Travis Collier\Desktop\proj\ddtool\testfiles\LAAR18
56,25,2,18,44.70000076293945,70.0999984741211,2018-02-25,C:\Users\Travis Collier\Desktop\proj\ddtool\testfiles\LAAR18
57,26,2,18,46.400001525878906,66.30000305175781,2018-02-26,C:\Users\Travis Collier\Desktop\proj\ddtool\testfiles\LAAR18
58,27,2,18,43.099998474121094,57.5,2018-02-27,C:\Users\Travis Collier\Desktop\proj\ddtool\testfiles\LAAR18
59,28,2,18,42.29999923706055,62.79999923706055,2018-02-28,C:\Users\Travis Collier\Desktop\proj\ddtool\testfiles\LAAR18
60,1,3,18,45.400001525878906,62.70000076293945,2018-03-01,C:\Users\Travis Collier\Desktop\proj\ddtool\testfiles\LAAR18
61,2,3,18,51.70000076293945,55.5,2018-03-02,C:\Users\Travis Collier\Desktop\proj\ddtool\testfiles\LAAR18
62,3,3,18,48.70000076293945,61.29999923706055,2018-03-03,C:\Users\Travis Collier\Desktop\proj\ddtool\testfiles\LAAR18
63,4,3,18,43.20000076293945,62.0,2018-03-04,C:\Users\Travis Collier\Desktop\proj\ddtool\testfiles\LAAR18
64,5,3,18,43.400001525878906,73.80000305175781,2018-03-05,C:\Users\Travis Collier\Desktop\proj\ddtool\testfiles\LAAR18
65,6,3,18,49.5,79.0,2018-03-06,C:\Users\Travis Collier\Desktop\proj\ddtool\testfiles\LAAR18
66,7,3,18,54.400001525878906,73.0,2018-03-07,C:\Users\Travis Collier\Desktop\proj\ddtool\testfiles\LAAR18
67,8,3,18,51.099998474121094,73.80000305175781,2018-03-08,C:\Users\Travis Collier\Desktop\proj\ddtool\testfiles\LAAR18
68,9,3,18,53.900001525878906,69.19999694824219,2018-03-09,C:\Users\Travis Collier\Desktop\proj\ddtool\testfiles\LAAR18
69,10,3,18,56.400001525878906,61.5,2018-03-10,C:\Users\Travis Collier\Desktop\proj\ddtool\testfiles\LAAR18
70,11,3,18,56.70000076293945,67.0999984741211,2018-03-11,C:\Users\Travis Collier\Desktop\proj\ddtool\testfiles\LAAR18
71,12,3,18,57.79999923706055,68.0,2018-03-12,C:\Users\Travis Collier\Desktop\proj\ddtool\testfiles\LAAR18
72,13,3,18,59.0,65.19999694824219,2018-03-13,C:\Users\Travis Collier\Desktop\proj\ddtool\testfiles\LAAR18
73,14,3,18,54.29999923706055,66.80000305175781,2018-03-14,C:\Users\Travis Collier\Desktop\proj\ddtool\testfiles\LAAR18
74,15,3,18,49.70000076293945,67.19999694824219,2018-03-15,C:\Users\Travis Collier\Desktop\proj\ddtool\testfiles\LAAR18
75,16,3,18,52.900001525878906,60.5,2018-03-16,C:\Users\Travis Collier\Desktop\proj\ddtool\testfiles\LAAR18
76,17,3,18,50.599998474121094,59.599998474121094,2018-03-17,C:\Users\Travis Collier\Desktop\proj\ddtool\testfiles\LAAR18
77,18,3,18,45.599998474121094,65.0999984741211,2018-03-18,C:\Users\Travis Collier\Desktop\proj\ddtool\testfiles\LAAR18
78,19,3,18,49.29999923706055,72.19999694824219,2018-03-19,C:\Users\Travis Collier\Desktop\proj\ddtool\testfiles\LAAR18
79,20,3,18,55.79999923706055,68.69999694824219,2018-03-20,C:\Users\Travis Collier\Desktop\proj\ddtool\testfiles\LAAR18
80,21,3,18,56.400001525878906,62.099998474121094,2018-03-21,C:\Users\Travis Collier\Desktop\proj\ddtool\testfiles\LAAR18
81,22,3,18,56.400001525878906,61.0,2018-03-22,C:\Users\Travis Collier\Desktop\proj\ddtool\testfiles\LAAR18
82,23,3,18,56.29999923706055,69.0999984741211,2018-03-23,C:\Users\Travis Collier\Desktop\proj\ddtool\testfiles\LAAR18
83,24,3,18,55.0,67.30000305175781,2018-03-24,C:\Users\Travis Collier\Desktop\proj\ddtool\testfiles\LAAR18
84,25,3,18,51.099998474121094,66.0,2018-03-25,C:\Users\Travis Collier\Desktop\proj\ddtool\testfiles\LAAR18
85,26,3,18,48.20000076293945,74.0999984741211,2018-03-26,C:\Users\Travis Collier\Desktop\proj\ddtool\testfiles\LAAR18
86,27,3,18,49.0,80.80000305175781,2018-03-27,C:\Users\Travis Collier\Desktop\proj\ddtool\testfiles\LAAR18
87,28,3,18,51.5,75.30000305175781,2018-03-28,C:\Users\Travis Collier\Desktop\proj\ddtool\testfiles\LAAR18
88,29,3,18,50.900001525878906,74.0999984741211,2018-03-29,C:\Users\Travis Collier\Desktop\proj\ddtool\testfiles\LAAR18
89,30,3,18,53.79999923706055,74.5,2018-03-30,C:\Users\Travis Collier\Desktop\proj\ddtool\testfiles\LAAR18
90,31,3,18,52.900001525878906,70.30000305175781,2018-03-31,C:\Users\Travis Collier\Desktop\proj\ddtool\testfiles\LAAR18
91,1,4,18,55.20000076293945,69.9000015258789,2018-04-01,C:\Users\Travis Collier\Desktop\proj\ddtool\testfiles\LAAR18
92,2,4,0,52.41874694824219,68.3062515258789,,C:\Users\Travis Collier\Desktop\proj\ddtool\testfiles\LAAR18
93,3,4,18,56.0,70.69999694824219,2018-04-03,C:\Users\Travis Collier\Desktop\proj\ddtool\testfiles\LAAR18
94,4,4,18,54.70000076293945,68.4000015258789,2018-04-04,C:\Users\Travis Collier\Desktop\proj\ddtool\testfiles\LAAR18
95,5,4,18,57.599998474121094,69.5,2018-04-05,C:\Users\Travis Collier\Desktop\proj\ddtool\testfiles\LAAR18
96,6,4,18,55.0,70.19999694824219,2018-04-06,C:\Users\Travis Collier\Desktop\proj\ddtool\testfiles\LAAR18
97,7,4,18,58.70000076293945,70.30000305175781,2018-04-07,C:\Users\Travis Collier\Desktop\proj\ddtool\testfiles\LAAR18
98,8,4,18,54.29999923706055,76.0,2018-04-08,C:\Users\Travis Collier\Desktop\proj\ddtool\testfiles\LAAR18
99,9,4,18,55.400001525878906,95.5,2018-04-09,C:\Users\Travis Collier\Desktop\proj\ddtool\testfiles\LAAR18
100,10,4,18,62.400001525878906,84.5,2018-04-10,C:\Users\Travis Collier\Desktop\proj\ddtool\testfiles\LAAR18
101,11,4,18,58.20000076293945,80.0,2018-04-11,C:\Users\Travis Collier\Desktop\proj\ddtool\testfiles\LAAR18
102,12,4,18,55.79999923706055,64.5,2018-04-12,C:\Users\Travis Collier\Desktop\proj\ddtool\testfiles\LAAR18
103,13,4,18,57.79999923706055,75.0999984741211,2018-04-13,C:\Users\Travis Collier\Desktop\proj\ddtool\testfiles\LAAR18
104,14,4,18,55.599998474121094,83.0,2018-04-14,C:\Users\Travis Collier\Desktop\proj\ddtool\testfiles\LAAR18
105,15,4,18,56.400001525878906,75.0999984741211,2018-04-15,C:\Users\Travis Collier\Desktop\proj\ddtool\testfiles\LAAR18
106,16,4,18,53.400001525878906,63.29999923706055,2018-04-16,C:\Users\Travis Collier\Desktop\proj\ddtool\testfiles\LAAR18
107,17,4,18,52.900001525878906,68.80000305175781,2018-04-17,C:\Users\Travis Collier\Desktop\proj\ddtool\testfiles\LAAR18
108,18,4,18,53.599998474121094,70.0,2018-04-18,C:\Users\Travis Collier\Desktop\proj\ddtool\testfiles\LAAR18
109,19,4,18,52.5,63.70000076293945,2018-04-19,C:\Users\Travis Collier\Desktop\proj\ddtool\testfiles\LAAR18
110,20,4,18,53.400001525878906,67.19999694824219,2018-04-20,C:\Users\Travis Collier\Desktop\proj\ddtool\testfiles\LAAR18
111,21,4,18,53.0,78.80000305175781,2018-04-21,C:\Users\Travis Collier\Desktop\proj\ddtool\testfiles\LAAR18
112,22,4,18,56.29999923706055,78.0,2018-04-22,C:\Users\Travis Collier\Desktop\proj\ddtool\testfiles\LAAR18
113,23,4,18,56.5,73.0,2018-04-23,C:\Users\Travis Collier\Desktop\proj\ddtool\testfiles\LAAR18
114,24,4,18,54.29999923706055,67.19999694824219,2018-04-24,C:\Users\Travis Collier\Desktop\proj\ddtool\testfiles\LAAR18
115,25,4,18,56.400001525878906,69.5999984741211,2018-04-25,C:\Users\Travis Collier\Desktop\proj\ddtool\testfiles\LAAR18
116,26,4,18,56.099998474121094,68.5999984741211,2018-04-26,C:\Users\Travis Collier\Desktop\proj\ddtool\testfiles\LAAR18
117,27,4,18,56.599998474121094,67.80000305175781,2018-04-27,C:\Users\Travis Collier\Desktop\proj\ddtool\testfiles\LAAR18
118,28,4,18,55.0,68.9000015258789,2018-04-28,C:\Users\Travis Collier\Desktop\proj\ddtool\testfiles\LAAR18
119,29,4,18,56.5,69.0,2018-04-29,C:\Users\Travis Collier\Desktop\proj\ddtool\testfiles\LAAR18
120,30,4,18,56.400001525878906,66.9000015258789,2018-04-30,C:\Users\Travis Collier\Desktop\proj\ddtool\testfiles\LAAR18
121,1,5,18,55.0,61.900001525878906,2018-05-01,C:\Users\Travis Collier\Desktop\proj\ddtool\testfiles\LAAR18
122,2,5,18,55.5,62.29999923706055,2018-05-02,C:\Users\Travis Collier\Desktop\proj\ddtool\testfiles\LAAR18
123,3,5,18,52.900001525878906,70.19999694824219,2018-05-03,C:\Users\Travis Collier\Desktop\proj\ddtool\testfiles\LAAR18
124,4,5,18,56.400001525878906,84.30000305175781,2018-05-04,C:\Users\Travis Collier\Desktop\proj\ddtool\testfiles\LAAR18
125,5,5,18,61.20000076293945,82.9000015258789,2018-05-05,C:\Users\Travis Collier\Desktop\proj\ddtool\testfiles\LAAR18
126,6,5,18,60.099998474121094,76.5,2018-05-06,C:\Users\Travis Collier\Desktop\proj\ddtool\testfiles\LAAR18
127,7,5,18,57.29999923706055,74.69999694824219,2018-05-07,C:\Users\Travis Collier\Desktop\proj\ddtool\testfiles\LAAR18
128,8,5,18,58.70000076293945,74.5999984741211,2018-05-08,C:\Users\Travis Collier\Desktop\proj\ddtool\testfiles\LAAR18
129,9,5,18,59.5,71.4000015258789,2018-05-09,C:\Users\Travis Collier\Desktop\proj\ddtool\testfiles\LAAR18
130,10,5,18,60.5,71.9000015258789,2018-05-10,C:\Users\Travis Collier\Desktop\proj\ddtool\testfiles\LAAR18
131,11,5,18,60.900001525878906,64.5,2018-05-11,C:\Users\Travis Collier\Desktop\proj\ddtool\testfiles\LAAR18
132,12,5,18,58.5,68.30000305175781,2018-05-12,C:\Users\Travis Collier\Desktop\proj\ddtool\testfiles\LAAR18
133,13,5,18,59.20000076293945,71.4000015258789,2018-05-13,C:\Users\Travis Collier\Desktop\proj\ddtool\testfiles\LAAR18
134,14,5,18,55.900001525878906,69.5,2018-05-14,C:\Users\Travis Collier\Desktop\proj\ddtool\testfiles\LAAR18
135,15,5,18,57.79999923706055,69.5999984741211,2018-05-15,C:\Users\Travis Collier\Desktop\proj\ddtool\testfiles\LAAR18
136,16,5,0,64.20000457763672,76.33124542236328,,C:\Users\Travis Collier\Desktop\proj\ddtool\testfiles\LAAR18
137,17,5,0,61.44999694824219,74.58125305175781,,C:\Users\Travis Collier\Desktop\proj\ddtool\testfiles\LAAR18
138,18,5,0,60.587501525878906,72.82499694824219,,C:\Users\Travis Collier\Desktop\proj\ddtool\testfiles\LAAR18
139,19,5,0,61.01874923706055,71.13125610351562,,C:\Users\Travis Collier\Desktop\proj\ddtool\testfiles\LAAR18
140,20,5,0,58.5859375,71.25312805175781,,C:\Users\Travis Collier\Desktop\proj\ddtool\testfiles\LAAR18
141,21,5,0,58.032814025878906,71.26875305175781,,C:\Users\Travis Collier\Desktop\proj\ddtool\testfiles\LAAR18
142,22,5,0,57.828125,70.28125,,C:\Users\Travis Collier\Desktop\proj\ddtool\testfiles\LAAR18
143,23,5,0,59.94999694824219,70.20624542236328,,C:\Users\Travis Collier\Desktop\proj\ddtool\testfiles\LAAR18
144,24,5,0,59.24687576293945,70.51874542236328,,C:\Users\Travis Collier\Desktop\proj\ddtool\testfiles\LAAR18
145,25,5,0,59.704689025878906,71.234375,,C:\Users\Travis Collier\Desktop\proj\ddtool\testfiles\LAAR18
146,26,5,0,59.492191314697266,71.3765640258789,,C:\Users\Travis Collier\Desktop\proj\ddtool\testfiles\LAAR18
147,27,5,0,59.02812194824219,72.82188415527344,,C:\Users\Travis Collier\Desktop\proj\ddtool\testfiles\LAAR18
148,28,5,0,60.21562576293945,72.84687805175781,,C:\Users\Travis Collier\Desktop\proj\ddtool\testfiles\LAAR18
149,29,5,0,60.764060974121094,74.5953140258789,,C:\Users\Travis Collier\Desktop\proj\ddtool\testfiles\LAAR18
150,30,5,0,59.50600051879883,74.15336608886719,,C:\Users\Travis Collier\Desktop\proj\ddtool\testfiles\LAAR18
151,31,5,0,58.62443923950195,73.41543579101562,,C:\Users\Travis Collier\Desktop\proj\ddtool\testfiles\LAAR18
152,1,6,0,59.41731262207031,73.47343444824219,,C:\Users\Travis Collier\Desktop\proj\ddtool\testfiles\LAAR18
153,2,6,0,60.549560546875,73.88368225097656,,C:\Users\Travis Collier\Desktop\proj\ddtool\testfiles\LAAR18
154,3,6,0,59.52581024169922,75.05880737304688,,C:\Users\Travis Collier\Desktop\proj\ddtool\testfiles\LAAR18
155,4,6,0,59.156124114990234,76.03850555419922,,C:\Users\Travis Collier\Desktop\proj\ddtool\testfiles\LAAR18
156,5,6,0,60.199378967285156,73.87750244140625,,C:\Users\Travis Collier\Desktop\proj\ddtool\testfiles\LAAR18
157,6,6,0,60.07656478881836,72.78312683105469,,C:\Users\Travis Collier\Desktop\proj\ddtool\testfiles\LAAR18
158,7,6,0,60.488433837890625,73.79750061035156,,C:\Users\Travis Collier\Desktop\proj\ddtool\testfiles\LAAR18
159,8,6,0,60.79750061035156,74.9375,,C:\Users\Travis Collier\Desktop\proj\ddtool\testfiles\LAAR18
160,9,6,0,60.88874816894531,74.39968872070312,,C:\Users\Travis Collier\Desktop\proj\ddtool\testfiles\LAAR18
161,10,6,0,62.38750076293945,73.57875061035156,,C:\Users\Travis Collier\Desktop\proj\ddtool\testfiles\LAAR18
162,11,6,0,62.761558532714844,74.23187255859375,,C:\Users\Travis Collier\Desktop\proj\ddtool\testfiles\LAAR18
163,12,6,0,62.63843536376953,71.87687683105469,,C:\Users\Travis Collier\Desktop\proj\ddtool\testfiles\LAAR18
164,13,6,0,61.770938873291016,74.72875213623047,,C:\Users\Travis Collier\Desktop\proj\ddtool\testfiles\LAAR18
165,14,6,0,60.241249084472656,73.8487548828125,,C:\Users\Travis Collier\Desktop\proj\ddtool\testfiles\LAAR18
166,15,6,0,61.50062561035156,75.3296890258789,,C:\Users\Travis Collier\Desktop\proj\ddtool\testfiles\LAAR18
167,16,6,0,62.94031524658203,74.23031616210938,,C:\Users\Travis Collier\Desktop\proj\ddtool\testfiles\LAAR18
168,17,6,0,60.60749816894531,74.77875518798828,,C:\Users\Travis Collier\Desktop\proj\ddtool\testfiles\LAAR18
169,18,6,0,61.28843688964844,77.65218353271484,,C:\Users\Travis Collier\Desktop\proj\ddtool\testfiles\LAAR18
170,19,6,0,62.115623474121094,78.53406524658203,,C:\Users\Travis Collier\Desktop\proj\ddtool\testfiles\LAAR18
171,20,6,0,61.70030975341797,82.03938293457031,,C:\Users\Travis Collier\Desktop\proj\ddtool\testfiles\LAAR18
172,21,6,0,65.44593811035156,82.89437866210938,,C:\Users\Travis Collier\Desktop\proj\ddtool\testfiles\LAAR18
173,22,6,0,65.23531341552734,80.4175033569336,,C:\Users\Travis Collier\Desktop\proj\ddtool\testfiles\LAAR18
174,23,6,0,63.34749984741211,78.62812042236328,,C:\Users\Travis Collier\Desktop\proj\ddtool\testfiles\LAAR18
175,24,6,0,63.930625915527344,76.75593566894531,,C:\Users\Travis Collier\Desktop\proj\ddtool\testfiles\LAAR18
176,25,6,0,63.77562713623047,77.05281066894531,,C:\Users\Travis Collier\Desktop\proj\ddtool\testfiles\LAAR18
177,26,6,0,64.24093627929688,77.18562316894531,,C:\Users\Travis Collier\Desktop\proj\ddtool\testfiles\LAAR18
178,27,6,0,64.0374984741211,80.0625,,C:\Users\Travis Collier\Desktop\proj\ddtool\testfiles\LAAR18
179,28,6,0,65.83625030517578,80.94781494140625,,C:\Users\Travis Collier\Desktop\proj\ddtool\testfiles\LAAR18
180,29,6,0,66.7762451171875,83.00125122070312,,C:\Users\Travis Collier\Desktop\proj\ddtool\testfiles\LAAR18
181,30,6,0,68.11250305175781,84.28999328613281,,C:\Users\Travis Collier\Desktop\proj\ddtool\testfiles\LAAR18
182,1,7,0,66.74749755859375,85.3175048828125,,C:\Users\Travis Collier\Desktop\proj\ddtool\testfiles\LAAR18
183,2,7,0,66.77124786376953,80.47125244140625,,C:\Users\Travis Collier\Desktop\proj\ddtool\testfiles\LAAR18
184,3,7,0,65.88375091552734,81.43374633789062,,C:\Users\Travis Collier\Desktop\proj\ddtool\testfiles\LAAR18
185,4,7,0,65.43624877929688,82.05500030517578,,C:\Users\Travis Collier\Desktop\proj\ddtool\testfiles\LAAR18
186,5,7,0,66.86000061035156,81.56375122070312,,C:\Users\Travis Collier\Desktop\proj\ddtool\testfiles\LAAR18
187,6,7,0,66.62625122070312,80.61250305175781,,C:\Users\Travis Collier\Desktop\proj\ddtool\testfiles\LAAR18
188,7,7,0,66.40499877929688,79.45500183105469,,C:\Users\Travis Collier\Desktop\proj\ddtool\testfiles\LAAR18
189,8,7,0,65.18624877929688,80.45999908447266,,C:\Users\Travis Collier\Desktop\proj\ddtool\testfiles\LAAR18
190,9,7,0,66.0875015258789,81.78500366210938,,C:\Users\Travis Collier\Desktop\proj\ddtool\testfiles\LAAR18
191,10,7,0,66.25875091552734,81.00625610351562,,C:\Users\Travis Collier\Desktop\proj\ddtool\testfiles\LAAR18
192,11,7,0,66.31124877929688,78.19124603271484,,C:\Users\Travis Collier\Desktop\proj\ddtool\testfiles\LAAR18
193,12,7,0,65.70375061035156,80.75499725341797,,C:\Users\Travis Collier\Desktop\proj\ddtool\testfiles\LAAR18
194,13,7,0,65.57975006103516,81.01249694824219,,C:\Users\Travis Collier\Desktop\proj\ddtool\testfiles\LAAR18
195,14,7,0,66.04249572753906,81.72000122070312,,C:\Users\Travis Collier\Desktop\proj\ddtool\testfiles\LAAR18
196,15,7,0,66.85249328613281,80.5987548828125,,C:\Users\Travis Collier\Desktop\proj\ddtool\testfiles\LAAR18
197,16,7,0,65.13375091552734,79.85749816894531,,C:\Users\Travis Collier\Desktop\proj\ddtool\testfiles\LAAR18
198,17,7,0,64.37249755859375,79.66625213623047,,C:\Users\Travis Collier\Desktop\proj\ddtool\testfiles\LAAR18
199,18,7,0,64.34625244140625,79.58999633789062,,C:\Users\Travis Collier\Desktop\proj\ddtool\testfiles\LAAR18
200,19,7,0,64.80999755859375,78.35374450683594,,C:\Users\Travis Collier\Desktop\proj\ddtool\testfiles\LAAR18
201,20,7,0,65.79750061035156,79.4112548828125,,C:\Users\Travis Collier\Desktop\proj\ddtool\testfiles\LAAR18
202,21,7,0,66.45625305175781,79.03250122070312,,C:\Users\Travis Collier\Desktop\proj\ddtool\testfiles\LAAR18
203,22,7,0,66.7874984741211,82.97250366210938,,C:\Users\Travis Collier\Desktop\proj\ddtool\testfiles\LAAR18
204,23,7,0,67.13749694824219,83.50749969482422,,C:\Users\Travis Collier\Desktop\proj\ddtool\testfiles\LAAR18
205,24,7,0,66.58625030517578,83.35124969482422,,C:\Users\Travis Collier\Desktop\proj\ddtool\testfiles\LAAR18
206,25,7,0,66.75749969482422,83.77999877929688,,C:\Users\Travis Collier\Desktop\proj\ddtool\testfiles\LAAR18
207,26,7,0,67.45625305175781,83.77249908447266,,C:\Users\Travis Collier\Desktop\proj\ddtool\testfiles\LAAR18
208,27,7,0,66.53500366210938,81.28499603271484,,C:\Users\Travis Collier\Desktop\proj\ddtool\testfiles\LAAR18
209,28,7,0,66.93499755859375,80.94375610351562,,C:\Users\Travis Collier\Desktop\proj\ddtool\testfiles\LAAR18
210,29,7,0,67.39125061035156,81.69499969482422,,C:\Users\Travis Collier\Desktop\proj\ddtool\testfiles\LAAR18
211,30,7,0,66.93124389648438,81.41500854492188,,C:\Users\Travis Collier\Desktop\proj\ddtool\testfiles\LAAR18
212,31,7,0,66.80374908447266,80.51499938964844,,C:\Users\Travis Collier\Desktop\proj\ddtool\testfiles\LAAR18
213,1,8,0,66.18000030517578,80.10124969482422,,C:\Users\Travis Collier\Desktop\proj\ddtool\testfiles\LAAR18
214,2,8,0,65.40750122070312,81.09375,,C:\Users\Travis Collier\Desktop\proj\ddtool\testfiles\LAAR18
215,3,8,0,67.58000183105469,80.31375122070312,,C:\Users\Travis Collier\Desktop\proj\ddtool\testfiles\LAAR18
216,4,8,0,66.20500183105469,79.77124786376953,,C:\Users\Travis Collier\Desktop\proj\ddtool\testfiles\LAAR18
217,5,8,0,64.37374877929688,79.1675033569336,,C:\Users\Travis Collier\Desktop\proj\ddtool\testfiles\LAAR18
218,6,8,0,64.0574951171875,77.51374816894531,,C:\Users\Travis Collier\Desktop\proj\ddtool\testfiles\LAAR18
219,7,8,0,63.6875,78.05374908447266,,C:\Users\Travis Collier\Desktop\proj\ddtool\testfiles\LAAR18
220,8,8,0,64.27000427246094,79.37750244140625,,C:\Users\Travis Collier\Desktop\proj\ddtool\testfiles\LAAR18
221,9,8,0,65.27749633789062,79.43499755859375,,C:\Users\Travis Collier\Desktop\proj\ddtool\testfiles\LAAR18
222,10,8,0,64.81999969482422,79.23750305175781,,C:\Users\Travis Collier\Desktop\proj\ddtool\testfiles\LAAR18
223,11,8,0,63.11375045776367,77.8187484741211,,C:\Users\Travis Collier\Desktop\proj\ddtool\testfiles\LAAR18
224,12,8,0,63.85750198364258,79.56625366210938,,C:\Users\Travis Collier\Desktop\proj\ddtool\testfiles\LAAR18
225,13,8,0,63.04999923706055,77.85791778564453,,C:\Users\Travis Collier\Desktop\proj\ddtool\testfiles\LAAR18
226,14,8,0,63.13541793823242,78.70458221435547,,C:\Users\Travis Collier\Desktop\proj\ddtool\testfiles\LAAR18
227,15,8,0,63.58416748046875,80.76458740234375,,C:\Users\Travis Collier\Desktop\proj\ddtool\testfiles\LAAR18
228,16,8,0,63.11666488647461,80.43250274658203,,C:\Users\Travis Collier\Desktop\proj\ddtool\testfiles\LAAR18
229,17,8,0,62.56416702270508,80.15666198730469,,C:\Users\Travis Collier\Desktop\proj\ddtool\testfiles\LAAR18
230,18,8,0,62.05458450317383,80.5183334350586,,C:\Users\Travis Collier\Desktop\proj\ddtool\testfiles\LAAR18
231,19,8,0,63.52000045776367,78.60375213623047,,C:\Users\Travis Collier\Desktop\proj\ddtool\testfiles\LAAR18
232,20,8,0,64.72875213623047,83.73875427246094,,C:\Users\Travis Collier\Desktop\proj\ddtool\testfiles\LAAR18
233,21,8,0,63.37750244140625,79.98374938964844,,C:\Users\Travis Collier\Desktop\proj\ddtool\testfiles\LAAR18
234,22,8,0,64.49250030517578,84.72000122070312,,C:\Users\Travis Collier\Desktop\proj\ddtool\testfiles\LAAR18
235,23,8,0,64.67625427246094,86.30249786376953,,C:\Users\Travis Collier\Desktop\proj\ddtool\testfiles\LAAR18
236,24,8,0,63.89249801635742,84.93374633789062,,C:\Users\Travis Collier\Desktop\proj\ddtool\testfiles\LAAR18
237,25,8,0,62.0837516784668,84.30999755859375,,C:\Users\Travis Collier\Desktop\proj\ddtool\testfiles\LAAR18
238,26,8,0,63.75642776489258,85.28517150878906,,C:\Users\Travis Collier\Desktop\proj\ddtool\testfiles\LAAR18
239,27,8,0,67.48625183105469,86.90267181396484,,C:\Users\Travis Collier\Desktop\proj\ddtool\testfiles\LAAR18
240,28,8,0,68.86249542236328,84.29374694824219,,C:\Users\Travis Collier\Desktop\proj\ddtool\testfiles\LAAR18
241,29,8,0,65.63999938964844,85.78125762939453,,C:\Users\Travis Collier\Desktop\proj\ddtool\testfiles\LAAR18
242,30,8,0,67.67375183105469,87.12625122070312,,C:\Users\Travis Collier\Desktop\proj\ddtool\testfiles\LAAR18
243,31,8,0,70.58749389648438,86.76375579833984,,C:\Users\Travis Collier\Desktop\proj\ddtool\testfiles\LAAR18
244,1,9,0,69.77124786376953,83.39875793457031,,C:\Users\Travis Collier\Desktop\proj\ddtool\testfiles\LAAR18
245,2,9,0,67.38749694824219,83.62374877929688,,C:\Users\Travis Collier\Desktop\proj\ddtool\testfiles\LAAR18
246,3,9,0,68.00375366210938,83.8187484741211,,C:\Users\Travis Collier\Desktop\proj\ddtool\testfiles\LAAR18
247,4,9,0,67.80000305175781,82.46499633789062,,C:\Users\Travis Collier\Desktop\proj\ddtool\testfiles\LAAR18
248,5,9,0,68.42375183105469,82.53874206542969,,C:\Users\Travis Collier\Desktop\proj\ddtool\testfiles\LAAR18
249,6,9,0,67.22000122070312,85.71500396728516,,C:\Users\Travis Collier\Desktop\proj\ddtool\testfiles\LAAR18
250,7,9,0,67.2437515258789,87.13749694824219,,C:\Users\Travis Collier\Desktop\proj\ddtool\testfiles\LAAR18
251,8,9,0,67.92500305175781,83.17499542236328,,C:\Users\Travis Collier\Desktop\proj\ddtool\testfiles\LAAR18
252,9,9,0,65.4937515258789,79.19999694824219,,C:\Users\Travis Collier\Desktop\proj\ddtool\testfiles\LAAR18
253,10,9,0,63.84375,80.2125015258789,,C:\Users\Travis Collier\Desktop\proj\ddtool\testfiles\LAAR18
254,11,9,0,64.63749694824219,81.17500305175781,,C:\Users\Travis Collier\Desktop\proj\ddtool\testfiles\LAAR18
255,12,9,0,64.41874694824219,81.59375,,C:\Users\Travis Collier\Desktop\proj\ddtool\testfiles\LAAR18
256,13,9,0,65.27812194824219,81.1875,,C:\Users\Travis Collier\Desktop\proj\ddtool\testfiles\LAAR18
257,14,9,0,66.01249694824219,82.91875457763672,,C:\Users\Travis Collier\Desktop\proj\ddtool\testfiles\LAAR18
258,15,9,0,65.73749542236328,85.4312515258789,,C:\Users\Travis Collier\Desktop\proj\ddtool\testfiles\LAAR18
259,16,9,0,67.21875,85.90625,,C:\Users\Travis Collier\Desktop\proj\ddtool\testfiles\LAAR18
260,17,9,0,66.42499542236328,82.71875,,C:\Users\Travis Collier\Desktop\proj\ddtool\testfiles\LAAR18
261,18,9,0,64.4749984741211,79.0999984741211,,C:\Users\Travis Collier\Desktop\proj\ddtool\testfiles\LAAR18
262,19,9,0,63.4375,79.26875305175781,,C:\Users\Travis Collier\Desktop\proj\ddtool\testfiles\LAAR18
263,20,9,0,65.40625,76.72500610351562,,C:\Users\Travis Collier\Desktop\proj\ddtool\testfiles\LAAR18
264,21,9,0,66.5625,80.43875122070312,,C:\Users\Travis Collier\Desktop\proj\ddtool\testfiles\LAAR18
265,22,9,0,63.84375,79.61250305175781,,C:\Users\Travis Collier\Desktop\proj\ddtool\testfiles\LAAR18
266,23,9,0,63.0625,83.27499389648438,,C:\Users\Travis Collier\Desktop\proj\ddtool\testfiles\LAAR18
267,24,9,0,61.78750228881836,82.58124542236328,,C:\Users\Travis Collier\Desktop\proj\ddtool\testfiles\LAAR18
268,25,9,0,64.390625,82.375,,C:\Users\Travis Collier\Desktop\proj\ddtool\testfiles\LAAR18
269,26,9,0,63.525001525878906,80.625,,C:\Users\Travis Collier\Desktop\proj\ddtool\testfiles\LAAR18
270,27,9,0,62.849998474121094,84.51875305175781,,C:\Users\Travis Collier\Desktop\proj\ddtool\testfiles\LAAR18
271,28,9,0,65.5374984741211,83.32499694824219,,C:\Users\Travis Collier\Desktop\proj\ddtool\testfiles\LAAR18
272,29,9,0,62.70000076293945,83.0,,C:\Users\Travis Collier\Desktop\proj\ddtool\testfiles\LAAR18
273,30,9,0,65.3125,85.45625305175781,,C:\Users\Travis Collier\Desktop\proj\ddtool\testfiles\LAAR18
274,1,10,0,63.22249984741211,82.15625,,C:\Users\Travis Collier\Desktop\proj\ddtool\testfiles\LAAR18
275,2,10,0,65.625,79.52499389648438,,C:\Users\Travis Collier\Desktop\proj\ddtool\testfiles\LAAR18
276,3,10,0,64.04999542236328,76.4000015258789,,C:\Users\Travis Collier\Desktop\proj\ddtool\testfiles\LAAR18
277,4,10,0,64.72500610351562,82.4749984741211,,C:\Users\Travis Collier\Desktop\proj\ddtool\testfiles\LAAR18
278,5,10,0,62.51249694824219,83.7906265258789,,C:\Users\Travis Collier\Desktop\proj\ddtool\testfiles\LAAR18
279,6,10,0,62.53499984741211,84.0562515258789,,C:\Users\Travis Collier\Desktop\proj\ddtool\testfiles\LAAR18
280,7,10,0,63.25,83.4625015258789,,C:\Users\Travis Collier\Desktop\proj\ddtool\testfiles\LAAR18
281,8,10,0,61.14999771118164,81.0062484741211,,C:\Users\Travis Collier\Desktop\proj\ddtool\testfiles\LAAR18
282,9,10,0,61.9224967956543,77.0374984741211,,C:\Users\Travis Collier\Desktop\proj\ddtool\testfiles\LAAR18
283,10,10,0,59.2400016784668,78.44625091552734,,C:\Users\Travis Collier\Desktop\proj\ddtool\testfiles\LAAR18
284,11,10,0,60.189998626708984,78.28125,,C:\Users\Travis Collier\Desktop\proj\ddtool\testfiles\LAAR18
285,12,10,0,61.41124725341797,78.04374694824219,,C:\Users\Travis Collier\Desktop\proj\ddtool\testfiles\LAAR18
286,13,10,0,62.342498779296875,77.57749938964844,,C:\Users\Travis Collier\Desktop\proj\ddtool\testfiles\LAAR18
287,14,10,0,60.258750915527344,77.67750549316406,,C:\Users\Travis Collier\Desktop\proj\ddtool\testfiles\LAAR18
288,15,10,0,60.28499984741211,79.32624816894531,,C:\Users\Travis Collier\Desktop\proj\ddtool\testfiles\LAAR18
289,16,10,0,61.66875076293945,80.02875518798828,,C:\Users\Travis Collier\Desktop\proj\ddtool\testfiles\LAAR18
290,17,10,0,61.78375244140625,78.79999542236328,,C:\Users\Travis Collier\Desktop\proj\ddtool\testfiles\LAAR18
291,18,10,0,60.053749084472656,77.71249389648438,,C:\Users\Travis Collier\Desktop\proj\ddtool\testfiles\LAAR18
292,19,10,0,59.109375,77.9324951171875,,C:\Users\Travis Collier\Desktop\proj\ddtool\testfiles\LAAR18
293,20,10,0,59.69625473022461,80.70875549316406,,C:\Users\Travis Collier\Desktop\proj\ddtool\testfiles\LAAR18
294,21,10,0,60.41374969482422,81.25250244140625,,C:\Users\Travis Collier\Desktop\proj\ddtool\testfiles\LAAR18
295,22,10,0,59.349998474121094,80.9625015258789,,C:\Users\Travis Collier\Desktop\proj\ddtool\testfiles\LAAR18
296,23,10,0,59.97249984741211,79.27749633789062,,C:\Users\Travis Collier\Desktop\proj\ddtool\testfiles\LAAR18
297,24,10,0,60.89375305175781,78.57249450683594,,C:\Users\Travis Collier\Desktop\proj\ddtool\testfiles\LAAR18
298,25,10,0,61.04125213623047,76.76249694824219,,C:\Users\Travis Collier\Desktop\proj\ddtool\testfiles\LAAR18
299,26,10,0,58.91374969482422,75.74500274658203,,C:\Users\Travis Collier\Desktop\proj\ddtool\testfiles\LAAR18
300,27,10,0,57.19249725341797,74.90750122070312,,C:\Users\Travis Collier\Desktop\proj\ddtool\testfiles\LAAR18
301,28,10,0,58.67500305175781,75.26875305175781,,C:\Users\Travis Collier\Desktop\proj\ddtool\testfiles\LAAR18
302,29,10,0,58.06875228881836,76.57499694824219,,C:\Users\Travis Collier\Desktop\proj\ddtool\testfiles\LAAR18
303,30,10,0,57.662498474121094,75.66875457763672,,C:\Users\Travis Collier\Desktop\proj\ddtool\testfiles\LAAR18
304,31,10,0,59.01874923706055,71.66250610351562,,C:\Users\Travis Collier\Desktop\proj\ddtool\testfiles\LAAR18
305,1,11,0,56.16874694824219,73.83124542236328,,C:\Users\Travis Collier\Desktop\proj\ddtool\testfiles\LAAR18
306,2,11,0,59.45624923706055,73.875,,C:\Users\Travis Collier\Desktop\proj\ddtool\testfiles\LAAR18
307,3,11,0,55.82500076293945,74.2874984741211,,C:\Users\Travis Collier\Desktop\proj\ddtool\testfiles\LAAR18
308,4,11,0,54.95625305175781,75.875,,C:\Users\Travis Collier\Desktop\proj\ddtool\testfiles\LAAR18
309,5,11,0,55.204376220703125,79.64375305175781,,C:\Users\Travis Collier\Desktop\proj\ddtool\testfiles\LAAR18
310,6,11,0,56.76875305175781,82.57499694824219,,C:\Users\Travis Collier\Desktop\proj\ddtool\testfiles\LAAR18
311,7,11,0,58.025001525878906,80.86250305175781,,C:\Users\Travis Collier\Desktop\proj\ddtool\testfiles\LAAR18
312,8,11,0,57.15625,80.07499694824219,,C:\Users\Travis Collier\Desktop\proj\ddtool\testfiles\LAAR18
313,9,11,0,57.01250076293945,79.3125,,C:\Users\Travis Collier\Desktop\proj\ddtool\testfiles\LAAR18
314,10,11,0,59.86250305175781,78.48749542236328,,C:\Users\Travis Collier\Desktop\proj\ddtool\testfiles\LAAR18
315,11,11,0,59.381248474121094,77.0625,,C:\Users\Travis Collier\Desktop\proj\ddtool\testfiles\LAAR18
316,12,11,0,58.8125,74.94375610351562,,C:\Users\Travis Collier\Desktop\proj\ddtool\testfiles\LAAR18
317,13,11,0,57.474998474121094,79.26875305175781,,C:\Users\Travis Collier\Desktop\proj\ddtool\testfiles\LAAR18
318,14,11,0,60.162498474121094,81.5562515258789,,C:\Users\Travis Collier\Desktop\proj\ddtool\testfiles\LAAR18
319,15,11,0,59.86249923706055,74.6312484741211,,C:\Users\Travis Collier\Desktop\proj\ddtool\testfiles\LAAR18
320,16,11,0,55.056251525878906,71.8125,,C:\Users\Travis Collier\Desktop\proj\ddtool\testfiles\LAAR18
321,17,11,0,53.912498474121094,72.84375,,C:\Users\Travis Collier\Desktop\proj\ddtool\testfiles\LAAR18
322,18,11,0,53.750003814697266,71.9625015258789,,C:\Users\Travis Collier\Desktop\proj\ddtool\testfiles\LAAR18
323,19,11,0,54.61249542236328,73.28750610351562,,C:\Users\Travis Collier\Desktop\proj\ddtool\testfiles\LAAR18
324,20,11,0,53.67499923706055,67.2125015258789,,C:\Users\Travis Collier\Desktop\proj\ddtool\testfiles\LAAR18
325,21,11,0,54.631248474121094,65.625,,C:\Users\Travis Collier\Desktop\proj\ddtool\testfiles\LAAR18
326,22,11,0,53.875,68.875,,C:\Users\Travis Collier\Desktop\proj\ddtool\testfiles\LAAR18
327,23,11,0,53.48750305175781,72.17500305175781,,C:\Users\Travis Collier\Desktop\proj\ddtool\testfiles\LAAR18
328,24,11,0,51.662498474121094,72.0,,C:\Users\Travis Collier\Desktop\proj\ddtool\testfiles\LAAR18
329,25,11,0,50.8125,76.30000305175781,,C:\Users\Travis Collier\Desktop\proj\ddtool\testfiles\LAAR18
330,26,11,0,51.76874542236328,81.20625305175781,,C:\Users\Travis Collier\Desktop\proj\ddtool\testfiles\LAAR18
331,27,11,0,52.982810974121094,76.21562194824219,,C:\Users\Travis Collier\Desktop\proj\ddtool\testfiles\LAAR18
332,28,11,0,51.75,74.66874694824219,,C:\Users\Travis Collier\Desktop\proj\ddtool\testfiles\LAAR18
333,29,11,0,51.173439025878906,73.7437515258789,,C:\Users\Travis Collier\Desktop\proj\ddtool\testfiles\LAAR18
334,30,11,0,52.667816162109375,70.55656433105469,,C:\Users\Travis Collier\Desktop\proj\ddtool\testfiles\LAAR18
335,1,12,0,50.1662483215332,71.25250244140625,,C:\Users\Travis Collier\Desktop\proj\ddtool\testfiles\LAAR18
336,2,12,0,52.49625015258789,70.46125030517578,,C:\Users\Travis Collier\Desktop\proj\ddtool\testfiles\LAAR18
337,3,12,0,55.22500228881836,67.77499389648438,,C:\Users\Travis Collier\Desktop\proj\ddtool\testfiles\LAAR18
338,4,12,0,50.349998474121094,67.1500015258789,,C:\Users\Travis Collier\Desktop\proj\ddtool\testfiles\LAAR18
339,5,12,0,49.375,68.7750015258789,,C:\Users\Travis Collier\Desktop\proj\ddtool\testfiles\LAAR18
340,6,12,0,49.94999694824219,68.9000015258789,,C:\Users\Travis Collier\Desktop\proj\ddtool\testfiles\LAAR18
341,7,12,0,51.92499923706055,69.25,,C:\Users\Travis Collier\Desktop\proj\ddtool\testfiles\LAAR18
342,8,12,0,50.72500228881836,69.14999389648438,,C:\Users\Travis Collier\Desktop\proj\ddtool\testfiles\LAAR18
343,9,12,0,49.97500228881836,69.17500305175781,,C:\Users\Travis Collier\Desktop\proj\ddtool\testfiles\LAAR18
344,10,12,0,49.23749923706055,67.9000015258789,,C:\Users\Travis Collier\Desktop\proj\ddtool\testfiles\LAAR18
345,11,12,0,52.275001525878906,65.875,,C:\Users\Travis Collier\Desktop\proj\ddtool\testfiles\LAAR18
346,12,12,0,53.57500076293945,66.25,,C:\Users\Travis Collier\Desktop\proj\ddtool\testfiles\LAAR18
347,13,12,0,50.150001525878906,65.875,,C:\Users\Travis Collier\Desktop\proj\ddtool\testfiles\LAAR18
348,14,12,0,48.75,66.14999389648438,,C:\Users\Travis Collier\Desktop\proj\ddtool\testfiles\LAAR18
349,15,12,0,47.42499923706055,68.79999542236328,,C:\Users\Travis Collier\Desktop\proj\ddtool\testfiles\LAAR18
350,16,12,0,47.85041809082031,65.37083435058594,,C:\Users\Travis Collier\Desktop\proj\ddtool\testfiles\LAAR18
351,17,12,0,49.280418395996094,62.1158332824707,,C:\Users\Travis Collier\Desktop\proj\ddtool\testfiles\LAAR18
352,18,12,0,49.953330993652344,66.46124267578125,,C:\Users\Travis Collier\Desktop\proj\ddtool\testfiles\LAAR18
353,19,12,0,47.301246643066406,65.78416442871094,,C:\Users\Travis Collier\Desktop\proj\ddtool\testfiles\LAAR18
354,20,12,0,45.66749954223633,64.83875274658203,,C:\Users\Travis Collier\Desktop\proj\ddtool\testfiles\LAAR18
355,21,12,0,46.6875,66.22916412353516,,C:\Users\Travis Collier\Desktop\proj\ddtool\testfiles\LAAR18
356,22,12,0,51.724998474121094,63.37083435058594,,C:\Users\Travis Collier\Desktop\proj\ddtool\testfiles\LAAR18
357,23,12,0,48.570831298828125,66.43125915527344,,C:\Users\Travis Collier\Desktop\proj\ddtool\testfiles\LAAR18
358,24,12,0,47.91041564941406,66.69166564941406,,C:\Users\Travis Collier\Desktop\proj\ddtool\testfiles\LAAR18
359,25,12,0,47.15208435058594,64.62916564941406,,C:\Users\Travis Collier\Desktop\proj\ddtool\testfiles\LAAR18
360,26,12,0,45.60625076293945,63.50208282470703,,C:\Users\Travis Collier\Desktop\proj\ddtool\testfiles\LAAR18
361,27,12,0,43.787498474121094,65.82708740234375,,C:\Users\Travis Collier\Desktop\proj\ddtool\testfiles\LAAR18
362,28,12,0,45.29791259765625,68.28125,,C:\Users\Travis Collier\Desktop\proj\ddtool\testfiles\LAAR18
363,29,12,0,46.687496185302734,68.97166442871094,,C:\Users\Travis Collier\Desktop\proj\ddtool\testfiles\LAAR18
364,30,12,0,46.75583267211914,68.07708740234375,,C:\Users\Travis Collier\Desktop\proj\ddtool\testfiles\LAAR18
365,31,12,0,45.84375,66.6916732788086,,C:\Users\Travis Collier\Desktop\proj\ddtool\testfiles\LAAR18
1,1,1,17,42.70000076293945,60.20000076293945,2017-01-01,C:\Users\Travis Collier\Desktop\proj\ddtool\testfiles\LAAR17
2,2,1,17,52.0,58.29999923706055,2017-01-02,C:\Users\Travis Collier\Desktop\proj\ddtool\testfiles\LAAR17
3,3,1,17,49.099998474121094,59.599998474121094,2017-01-03,C:\Users\Travis Collier\Desktop\proj\ddtool\testfiles\LAAR17
4,4,1,17,48.20000076293945,61.900001525878906,2017-01-04,C:\Users\Travis Collier\Desktop\proj\ddtool\testfiles\LAAR17
5,5,1,17,49.29999923706055,58.099998474121094,2017-01-05,C:\Users\Travis Collier\Desktop\proj\ddtool\testfiles\LAAR17
6,6,1,17,47.400001525878906,56.70000076293945,2017-01-06,C:\Users\Travis Collier\Desktop\proj\ddtool\testfiles\LAAR17
7,7,1,17,46.29999923706055,58.0,2017-01-07,C:\Users\Travis Collier\Desktop\proj\ddtool\testfiles\LAAR17
8,8,1,17,45.0,63.29999923706055,2017-01-08,C:\Users\Travis Collier\Desktop\proj\ddtool\testfiles\LAAR17
9,9,1,17,46.29999923706055,60.70000076293945,2017-01-09,C:\Users\Travis Collier\Desktop\proj\ddtool\testfiles\LAAR17
10,10,1,17,52.20000076293945,63.0,2017-01-10,C:\Users\Travis Collier\Desktop\proj\ddtool\testfiles\LAAR17
11,11,1,17,47.099998474121094,63.599998474121094,2017-01-11,C:\Users\Travis Collier\Desktop\proj\ddtool\testfiles\LAAR17
12,12,1,17,44.29999923706055,68.80000305175781,2017-01-12,C:\Users\Travis Collier\Desktop\proj\ddtool\testfiles\LAAR17
13,13,1,17,44.400001525878906,64.5999984741211,2017-01-13,C:\Users\Travis Collier\Desktop\proj\ddtool\testfiles\LAAR17
14,14,1,17,49.29999923706055,63.900001525878906,2017-01-14,C:\Users\Travis Collier\Desktop\proj\ddtool\testfiles\LAAR17
15,15,1,17,49.70000076293945,64.69999694824219,2017-01-15,C:\Users\Travis Collier\Desktop\proj\ddtool\testfiles\LAAR17
16,16,1,17,54.5,65.80000305175781,2017-01-16,C:\Users\Travis Collier\Desktop\proj\ddtool\testfiles\LAAR17
17,17,1,17,48.900001525878906,67.5,2017-01-17,C:\Users\Travis Collier\Desktop\proj\ddtool\testfiles\LAAR17
18,18,1,17,55.29999923706055,62.099998474121094,2017-01-18,C:\Users\Travis Collier\Desktop\proj\ddtool\testfiles\LAAR17
19,19,1,17,51.099998474121094,55.79999923706055,2017-01-19,C:\Users\Travis Collier\Desktop\proj\ddtool\testfiles\LAAR17
20,20,1,17,44.29999923706055,61.5,2017-01-20,C:\Users\Travis Collier\Desktop\proj\ddtool\testfiles\LAAR17
21,21,1,17,49.79999923706055,55.0,2017-01-21,C:\Users\Travis Collier\Desktop\proj\ddtool\testfiles\LAAR17
22,22,1,17,48.0,53.70000076293945,2017-01-22,C:\Users\Travis Collier\Desktop\proj\ddtool\testfiles\LAAR17
23,23,1,17,40.599998474121094,56.900001525878906,2017-01-23,C:\Users\Travis Collier\Desktop\proj\ddtool\testfiles\LAAR17
24,24,1,17,41.0,59.70000076293945,2017-01-24,C:\Users\Travis Collier\Desktop\proj\ddtool\testfiles\LAAR17
25,25,1,17,41.5,63.0,2017-01-25,C:\Users\Travis Collier\Desktop\proj\ddtool\testfiles\LAAR17
26,26,1,17,44.70000076293945,62.29999923706055,2017-01-26,C:\Users\Travis Collier\Desktop\proj\ddtool\testfiles\LAAR17
27,27,1,17,41.599998474121094,72.4000015258789,2017-01-27,C:\Users\Travis Collier\Desktop\proj\ddtool\testfiles\LAAR17
28,28,1,17,47.20000076293945,78.30000305175781,2017-01-28,C:\Users\Travis Collier\Desktop\proj\ddtool\testfiles\LAAR17
29,29,1,17,51.900001525878906,79.9000015258789,2017-01-29,C:\Users\Travis Collier\Desktop\proj\ddtool\testfiles\LAAR17
30,30,1,17,51.099998474121094,65.4000015258789,2017-01-30,C:\Users\Travis Collier\Desktop\proj\ddtool\testfiles\LAAR17
31,31,1,17,54.0,76.4000015258789,2017-01-31,C:\Users\Travis Collier\Desktop\proj\ddtool\testfiles\LAAR17
32,1,2,17,47.70000076293945,71.69999694824219,2017-02-01,C:\Users\Travis Collier\Desktop\proj\ddtool\testfiles\LAAR17
33,2,2,17,51.29999923706055,67.19999694824219,2017-02-02,C:\Users\Travis Collier\Desktop\proj\ddtool\testfiles\LAAR17
34,3,2,17,54.5,59.70000076293945,2017-02-03,C:\Users\Travis Collier\Desktop\proj\ddtool\testfiles\LAAR17
35,4,2,17,55.099998474121094,64.80000305175781,2017-02-04,C:\Users\Travis Collier\Desktop\proj\ddtool\testfiles\LAAR17
36,5,2,17,54.0,59.79999923706055,2017-02-05,C:\Users\Travis Collier\Desktop\proj\ddtool\testfiles\LAAR17
37,6,2,17,53.20000076293945,59.099998474121094,2017-02-06,C:\Users\Travis Collier\Desktop\proj\ddtool\testfiles\LAAR17
38,7,2,17,56.900001525878906,62.79999923706055,2017-02-07,C:\Users\Travis Collier\Desktop\proj\ddtool\testfiles\LAAR17
39,8,2,17,59.20000076293945,70.80000305175781,2017-02-08,C:\Users\Travis Collier\Desktop\proj\ddtool\testfiles\LAAR17
40,9,2,17,57.5,72.4000015258789,2017-02-09,C:\Users\Travis Collier\Desktop\proj\ddtool\testfiles\LAAR17
41,10,2,17,57.79999923706055,64.4000015258789,2017-02-10,C:\Users\Travis Collier\Desktop\proj\ddtool\testfiles\LAAR17
42,11,2,17,55.29999923706055,62.599998474121094,2017-02-11,C:\Users\Travis Collier\Desktop\proj\ddtool\testfiles\LAAR17
43,12,2,17,48.79999923706055,72.5999984741211,2017-02-12,C:\Users\Travis Collier\Desktop\proj\ddtool\testfiles\LAAR17
44,13,2,17,52.29999923706055,73.5999984741211,2017-02-13,C:\Users\Travis Collier\Desktop\proj\ddtool\testfiles\LAAR17
45,14,2,17,53.5,71.0999984741211,2017-02-14,C:\Users\Travis Collier\Desktop\proj\ddtool\testfiles\LAAR17
46,15,2,17,52.5,74.5,2017-02-15,C:\Users\Travis Collier\Desktop\proj\ddtool\testfiles\LAAR17
47,16,2,17,49.900001525878906,66.0,2017-02-16,C:\Users\Travis Collier\Desktop\proj\ddtool\testfiles\LAAR17
48,17,2,17,52.29999923706055,59.0,2017-02-17,C:\Users\Travis Collier\Desktop\proj\ddtool\testfiles\LAAR17
49,18,2,17,51.29999923706055,60.29999923706055,2017-02-18,C:\Users\Travis Collier\Desktop\proj\ddtool\testfiles\LAAR17
50,19,2,17,52.900001525878906,62.20000076293945,2017-02-19,C:\Users\Travis Collier\Desktop\proj\ddtool\testfiles\LAAR17
51,20,2,17,53.70000076293945,62.099998474121094,2017-02-20,C:\Users\Travis Collier\Desktop\proj\ddtool\testfiles\LAAR17
52,21,2,17,57.20000076293945,67.4000015258789,2017-02-21,C:\Users\Travis Collier\Desktop\proj\ddtool\testfiles\LAAR17
53,22,2,17,50.0,63.599998474121094,2017-02-22,C:\Users\Travis Collier\Desktop\proj\ddtool\testfiles\LAAR17
54,23,2,17,47.900001525878906,62.900001525878906,2017-02-23,C:\Users\Travis Collier\Desktop\proj\ddtool\testfiles\LAAR17
55,24,2,17,42.900001525878906,62.20000076293945,2017-02-24,C:\Users\Travis Collier\Desktop\proj\ddtool\testfiles\LAAR17
56,25,2,17,42.5,61.099998474121094,2017-02-25,C:\Users\Travis Collier\Desktop\proj\ddtool\testfiles\LAAR17
57,26,2,17,48.099998474121094,57.900001525878906,2017-02-26,C:\Users\Travis Collier\Desktop\proj\ddtool\testfiles\LAAR17
58,27,2,17,51.5,59.79999923706055,2017-02-27,C:\Users\Travis Collier\Desktop\proj\ddtool\testfiles\LAAR17
59,28,2,17,50.0,64.0999984741211,2017-02-28,C:\Users\Travis Collier\Desktop\proj\ddtool\testfiles\LAAR17
60,1,3,17,46.70000076293945,74.5999984741211,2017-03-01,C:\Users\Travis Collier\Desktop\proj\ddtool\testfiles\LAAR17
61,2,3,17,48.900001525878906,78.0999984741211,2017-03-02,C:\Users\Travis Collier\Desktop\proj\ddtool\testfiles\LAAR17
62,3,3,17,52.29999923706055,80.9000015258789,2017-03-03,C:\Users\Travis Collier\Desktop\proj\ddtool\testfiles\LAAR17
63,4,3,17,53.29999923706055,70.19999694824219,2017-03-04,C:\Users\Travis Collier\Desktop\proj\ddtool\testfiles\LAAR17
64,5,3,17,48.79999923706055,60.099998474121094,2017-03-05,C:\Users\Travis Collier\Desktop\proj\ddtool\testfiles\LAAR17
65,6,3,17,46.20000076293945,64.4000015258789,2017-03-06,C:\Users\Travis Collier\Desktop\proj\ddtool\testfiles\LAAR17
66,7,3,17,46.29999923706055,77.0999984741211,2017-03-07,C:\Users\Travis Collier\Desktop\proj\ddtool\testfiles\LAAR17
67,8,3,17,54.599998474121094,80.9000015258789,2017-03-08,C:\Users\Travis Collier\Desktop\proj\ddtool\testfiles\LAAR17
68,9,3,17,54.70000076293945,83.0999984741211,2017-03-09,C:\Users\Travis Collier\Desktop\proj\ddtool\testfiles\LAAR17
69,10,3,17,55.5,80.4000015258789,2017-03-10,C:\Users\Travis Collier\Desktop\proj\ddtool\testfiles\LAAR17
70,11,3,17,53.79999923706055,77.9000015258789,2017-03-11,C:\Users\Travis Collier\Desktop\proj\ddtool\testfiles\LAAR17
71,12,3,17,53.400001525878906,80.4000015258789,2017-03-12,C:\Users\Travis Collier\Desktop\proj\ddtool\testfiles\LAAR17
72,13,3,17,54.599998474121094,77.0999984741211,2017-03-13,C:\Users\Travis Collier\Desktop\proj\ddtool\testfiles\LAAR17
73,14,3,17,52.5,82.30000305175781,2017-03-14,C:\Users\Travis Collier\Desktop\proj\ddtool\testfiles\LAAR17
74,15,3,17,56.400001525878906,78.30000305175781,2017-03-15,C:\Users\Travis Collier\Desktop\proj\ddtool\testfiles\LAAR17
75,16,3,17,55.0,74.0999984741211,2017-03-16,C:\Users\Travis Collier\Desktop\proj\ddtool\testfiles\LAAR17
76,17,3,17,54.29999923706055,75.80000305175781,2017-03-17,C:\Users\Travis Collier\Desktop\proj\ddtool\testfiles\LAAR17
77,18,3,17,57.599998474121094,71.0,2017-03-18,C:\Users\Travis Collier\Desktop\proj\ddtool\testfiles\LAAR17
78,19,3,17,55.20000076293945,71.0999984741211,2017-03-19,C:\Users\Travis Collier\Desktop\proj\ddtool\testfiles\LAAR17
79,20,3,17,58.900001525878906,70.0999984741211,2017-03-20,C:\Users\Travis Collier\Desktop\proj\ddtool\testfiles\LAAR17
80,21,3,17,56.400001525878906,63.900001525878906,2017-03-21,C:\Users\Travis Collier\Desktop\proj\ddtool\testfiles\LAAR17
81,22,3,17,56.599998474121094,66.5999984741211,2017-03-22,C:\Users\Travis Collier\Desktop\proj\ddtool\testfiles\LAAR17
82,23,3,17,54.20000076293945,68.0999984741211,2017-03-23,C:\Users\Travis Collier\Desktop\proj\ddtool\testfiles\LAAR17
83,24,3,17,52.20000076293945,69.30000305175781,2017-03-24,C:\Users\Travis Collier\Desktop\proj\ddtool\testfiles\LAAR17
84,25,3,17,52.900001525878906,68.0999984741211,2017-03-25,C:\Users\Travis Collier\Desktop\proj\ddtool\testfiles\LAAR17
85,26,3,17,56.0,68.4000015258789,2017-03-26,C:\Users\Travis Collier\Desktop\proj\ddtool\testfiles\LAAR17
86,27,3,17,53.79999923706055,75.4000015258789,2017-03-27,C:\Users\Travis Collier\Desktop\proj\ddtool\testfiles\LAAR17
87,28,3,17,56.599998474121094,78.30000305175781,2017-03-28,C:\Users\Travis Collier\Desktop\proj\ddtool\testfiles\LAAR17
88,29,3,17,53.0,80.0999984741211,2017-03-29,C:\Users\Travis Collier\Desktop\proj\ddtool\testfiles\LAAR17
89,30,3,17,56.29999923706055,71.5999984741211,2017-03-30,C:\Users\Travis Collier\Desktop\proj\ddtool\testfiles\LAAR17
90,31,3,17,56.900001525878906,70.19999694824219,2017-03-31,C:\Users\Travis Collier\Desktop\proj\ddtool\testfiles\LAAR17
91,1,4,17,53.20000076293945,73.19999694824219,2017-04-01,C:\Users\Travis Collier\Desktop\proj\ddtool\testfiles\LAAR17
92,2,4,17,54.29999923706055,72.4000015258789,2017-04-02,C:\Users\Travis Collier\Desktop\proj\ddtool\testfiles\LAAR17
93,3,4,17,57.5,67.5999984741211,2017-04-03,C:\Users\Travis Collier\Desktop\proj\ddtool\testfiles\LAAR17
94,4,4,17,58.900001525878906,71.5,2017-04-04,C:\Users\Travis Collier\Desktop\proj\ddtool\testfiles\LAAR17
95,5,4,17,56.20000076293945,80.80000305175781,2017-04-05,C:\Users\Travis Collier\Desktop\proj\ddtool\testfiles\LAAR17
96,6,4,17,57.099998474121094,74.4000015258789,2017-04-06,C:\Users\Travis Collier\Desktop\proj\ddtool\testfiles\LAAR17
97,7,4,17,57.400001525878906,71.0,2017-04-07,C:\Users\Travis Collier\Desktop\proj\ddtool\testfiles\LAAR17
98,8,4,17,56.29999923706055,67.19999694824219,2017-04-08,C:\Users\Travis Collier\Desktop\proj\ddtool\testfiles\LAAR17
99,9,4,17,52.599998474121094,68.9000015258789,2017-04-09,C:\Users\Travis Collier\Desktop\proj\ddtool\testfiles\LAAR17
100,10,4,17,52.599998474121094,74.0,2017-04-10,C:\Users\Travis Collier\Desktop\proj\ddtool\testfiles\LAAR17
101,11,4,17,52.29999923706055,71.5,2017-04-11,C:\Users\Travis Collier\Desktop\proj\ddtool\testfiles\LAAR17
102,12,4,17,54.5,72.5,2017-04-12,C:\Users\Travis Collier\Desktop\proj\ddtool\testfiles\LAAR17
103,13,4,17,56.599998474121094,67.5999984741211,2017-04-13,C:\Users\Travis Collier\Desktop\proj\ddtool\testfiles\LAAR17
104,14,4,17,53.599998474121094,68.4000015258789,2017-04-14,C:\Users\Travis Collier\Desktop\proj\ddtool\testfiles\LAAR17
105,15,4,17,53.900001525878906,74.0999984741211,2017-04-15,C:\Users\Travis Collier\Desktop\proj\ddtool\testfiles\LAAR17
106,16,4,17,54.79999923706055,72.9000015258789,2017-04-16,C:\Users\Travis Collier\Desktop\proj\ddtool\testfiles\LAAR17
107,17,4,17,56.70000076293945,72.0,2017-04-17,C:\Users\Travis Collier\Desktop\proj\ddtool\testfiles\LAAR17
108,18,4,17,60.29999923706055,76.80000305175781,2017-04-18,C:\Users\Travis Collier\Desktop\proj\ddtool\testfiles\LAAR17
109,19,4,17,61.20000076293945,71.69999694824219,2017-04-19,C:\Users\Travis Collier\Desktop\proj\ddtool\testfiles\LAAR17
110,20,4,17,58.20000076293945,78.30000305175781,2017-04-20,C:\Users\Travis Collier\Desktop\proj\ddtool\testfiles\LAAR17
111,21,4,17,59.70000076293945,80.4000015258789,2017-04-21,C:\Users\Travis Collier\Desktop\proj\ddtool\testfiles\LAAR17
112,22,4,17,62.400001525878906,83.19999694824219,2017-04-22,C:\Users\Travis Collier\Desktop\proj\ddtool\testfiles\LAAR17
113,23,4,17,61.5,74.69999694824219,2017-04-23,C:\Users\Travis Collier\Desktop\proj\ddtool\testfiles\LAAR17
114,24,4,17,59.70000076293945,71.0999984741211,2017-04-24,C:\Users\Travis Collier\Desktop\proj\ddtool\testfiles\LAAR17
115,25,4,17,61.20000076293945,78.30000305175781,2017-04-25,C:\Users\Travis Collier\Desktop\proj\ddtool\testfiles\LAAR17
116,26,4,17,60.29999923706055,74.4000015258789,2017-04-26,C:\Users\Travis Collier\Desktop\proj\ddtool\testfiles\LAAR17
117,27,4,17,59.400001525878906,84.19999694824219,2017-04-27,C:\Users\Travis Collier\Desktop\proj\ddtool\testfiles\LAAR17
118,28,4,17,67.69999694824219,84.69999694824219,2017-04-28,C:\Users\Travis Collier\Desktop\proj\ddtool\testfiles\LAAR17
119,29,4,17,62.099998474121094,80.5,2017-04-29,C:\Users\Travis Collier\Desktop\proj\ddtool\testfiles\LAAR17
120,30,4,17,61.099998474121094,81.9000015258789,2017-04-30,C:\Users\Travis Collier\Desktop\proj\ddtool\testfiles\LAAR17
121,1,5,17,59.70000076293945,80.4000015258789,2017-05-01,C:\Users\Travis Collier\Desktop\proj\ddtool\testfiles\LAAR17
122,2,5,17,52.70000076293945,79.69999694824219,2017-05-02,C:\Users\Travis Collier\Desktop\proj\ddtool\testfiles\LAAR17
123,3,5,17,63.29999923706055,78.80000305175781,2017-05-03,C:\Users\Travis Collier\Desktop\proj\ddtool\testfiles\LAAR17
124,4,5,17,60.400001525878906,76.0999984741211,2017-05-04,C:\Users\Travis Collier\Desktop\proj\ddtool\testfiles\LAAR17
125,5,5,17,59.0,70.4000015258789,2017-05-05,C:\Users\Travis Collier\Desktop\proj\ddtool\testfiles\LAAR17
126,6,5,17,54.400001525878906,65.0,2017-05-06,C:\Users\Travis Collier\Desktop\proj\ddtool\testfiles\LAAR17
127,7,5,17,50.79999923706055,60.900001525878906,2017-05-07,C:\Users\Travis Collier\Desktop\proj\ddtool\testfiles\LAAR17
128,8,5,17,51.5,66.5999984741211,2017-05-08,C:\Users\Travis Collier\Desktop\proj\ddtool\testfiles\LAAR17
129,9,5,17,56.099998474121094,71.0999984741211,2017-05-09,C:\Users\Travis Collier\Desktop\proj\ddtool\testfiles\LAAR17
130,10,5,17,61.599998474121094,68.0,2017-05-10,C:\Users\Travis Collier\Desktop\proj\ddtool\testfiles\LAAR17
131,11,5,17,57.599998474121094,69.5,2017-05-11,C:\Users\Travis Collier\Desktop\proj\ddtool\testfiles\LAAR17
132,12,5,17,59.0,71.0,2017-05-12,C:\Users\Travis Collier\Desktop\proj\ddtool\testfiles\LAAR17
133,13,5,17,58.20000076293945,73.9000015258789,2017-05-13,C:\Users\Travis Collier\Desktop\proj\ddtool\testfiles\LAAR17
134,14,5,17,56.79999923706055,71.0999984741211,2017-05-14,C:\Users\Travis Collier\Desktop\proj\ddtool\testfiles\LAAR17
135,15,5,17,57.0,66.30000305175781,2017-05-15,C:\Users\Travis Collier\Desktop\proj\ddtool\testfiles\LAAR17
136,16,5,17,55.900001525878906,67.69999694824219,2017-05-16,C:\Users\Travis Collier\Desktop\proj\ddtool\testfiles\LAAR17
137,17,5,17,58.5,68.69999694824219,2017-05-17,C:\Users\Travis Collier\Desktop\proj\ddtool\testfiles\LAAR17
138,18,5,17,57.20000076293945,73.0,2017-05-18,C:\Users\Travis Collier\Desktop\proj\ddtool\testfiles\LAAR17
139,19,5,17,59.400001525878906,82.4000015258789,2017-05-19,C:\Users\Travis Collier\Desktop\proj\ddtool\testfiles\LAAR17
140,20,5,17,64.5,86.5999984741211,2017-05-20,C:\Users\Travis Collier\Desktop\proj\ddtool\testfiles\LAAR17
141,21,5,17,64.0,82.80000305175781,2017-05-21,C:\Users\Travis Collier\Desktop\proj\ddtool\testfiles\LAAR17
142,22,5,17,61.099998474121094,76.5,2017-05-22,C:\Users\Travis Collier\Desktop\proj\ddtool\testfiles\LAAR17
143,23,5,17,60.20000076293945,75.30000305175781,2017-05-23,C:\Users\Travis Collier\Desktop\proj\ddtool\testfiles\LAAR17
144,24,5,17,58.5,73.0,2017-05-24,C:\Users\Travis Collier\Desktop\proj\ddtool\testfiles\LAAR17
145,25,5,17,60.400001525878906,67.5,2017-05-25,C:\Users\Travis Collier\Desktop\proj\ddtool\testfiles\LAAR17
146,26,5,17,61.70000076293945,70.69999694824219,2017-05-26,C:\Users\Travis Collier\Desktop\proj\ddtool\testfiles\LAAR17
147,27,5,17,58.79999923706055,70.80000305175781,2017-05-27,C:\Users\Travis Collier\Desktop\proj\ddtool\testfiles\LAAR17
148,28,5,17,59.79999923706055,73.5999984741211,2017-05-28,C:\Users\Travis Collier\Desktop\proj\ddtool\testfiles\LAAR17
149,29,5,17,59.900001525878906,73.19999694824219,2017-05-29,C:\Users\Travis Collier\Desktop\proj\ddtool\testfiles\LAAR17
150,30,5,17,61.900001525878906,73.0,2017-05-30,C:\Users\Travis Collier\Desktop\proj\ddtool\testfiles\LAAR17
151,31,5,17,62.29999923706055,68.30000305175781,2017-05-31,C:\Users\Travis Collier\Desktop\proj\ddtool\testfiles\LAAR17
152,1,6,17,62.70000076293945,72.0999984741211,2017-06-01,C:\Users\Travis Collier\Desktop\proj\ddtool\testfiles\LAAR17
153,2,6,17,61.5,75.5999984741211,2017-06-02,C:\Users\Travis Collier\Desktop\proj\ddtool\testfiles\LAAR17
154,3,6,17,63.20000076293945,77.5999984741211,2017-06-03,C:\Users\Travis Collier\Desktop\proj\ddtool\testfiles\LAAR17
155,4,6,17,63.79999923706055,76.0999984741211,2017-06-04,C:\Users\Travis Collier\Desktop\proj\ddtool\testfiles\LAAR17
156,5,6,17,63.599998474121094,75.0999984741211,2017-06-05,C:\Users\Travis Collier\Desktop\proj\ddtool\testfiles\LAAR17
157,6,6,17,64.19999694824219,72.80000305175781,2017-06-06,C:\Users\Travis Collier\Desktop\proj\ddtool\testfiles\LAAR17
158,7,6,17,62.79999923706055,72.69999694824219,2017-06-07,C:\Users\Travis Collier\Desktop\proj\ddtool\testfiles\LAAR17
159,8,6,17,61.099998474121094,68.4000015258789,2017-06-08,C:\Users\Travis Collier\Desktop\proj\ddtool\testfiles\LAAR17
160,9,6,17,60.29999923706055,74.30000305175781,2017-06-09,C:\Users\Travis Collier\Desktop\proj\ddtool\testfiles\LAAR17
161,10,6,17,62.900001525878906,72.9000015258789,2017-06-10,C:\Users\Travis Collier\Desktop\proj\ddtool\testfiles\LAAR17
162,11,6,17,62.400001525878906,70.80000305175781,2017-06-11,C:\Users\Travis Collier\Desktop\proj\ddtool\testfiles\LAAR17
163,12,6,17,59.599998474121094,73.0,2017-06-12,C:\Users\Travis Collier\Desktop\proj\ddtool\testfiles\LAAR17
164,13,6,17,61.099998474121094,75.9000015258789,2017-06-13,C:\Users\Travis Collier\Desktop\proj\ddtool\testfiles\LAAR17
165,14,6,17,61.599998474121094,81.19999694824219,2017-06-14,C:\Users\Travis Collier\Desktop\proj\ddtool\testfiles\LAAR17
166,15,6,17,63.70000076293945,82.19999694824219,2017-06-15,C:\Users\Travis Collier\Desktop\proj\ddtool\testfiles\LAAR17
167,16,6,17,65.30000305175781,83.30000305175781,2017-06-16,C:\Users\Travis Collier\Desktop\proj\ddtool\testfiles\LAAR17
168,17,6,17,65.30000305175781,81.69999694824219,2017-06-17,C:\Users\Travis Collier\Desktop\proj\ddtool\testfiles\LAAR17
169,18,6,17,63.099998474121094,80.0999984741211,2017-06-18,C:\Users\Travis Collier\Desktop\proj\ddtool\testfiles\LAAR17
170,19,6,17,63.400001525878906,83.0999984741211,2017-06-19,C:\Users\Travis Collier\Desktop\proj\ddtool\testfiles\LAAR17
171,20,6,17,63.400001525878906,80.19999694824219,2017-06-20,C:\Users\Travis Collier\Desktop\proj\ddtool\testfiles\LAAR17
172,21,6,17,64.19999694824219,81.5999984741211,2017-06-21,C:\Users\Travis Collier\Desktop\proj\ddtool\testfiles\LAAR17
173,22,6,17,64.5999984741211,79.0999984741211,2017-06-22,C:\Users\Travis Collier\Desktop\proj\ddtool\testfiles\LAAR17
174,23,6,17,65.80000305175781,77.19999694824219,2017-06-23,C:\Users\Travis Collier\Desktop\proj\ddtool\testfiles\LAAR17
175,24,6,17,63.400001525878906,76.69999694824219,2017-06-24,C:\Users\Travis Collier\Desktop\proj\ddtool\testfiles\LAAR17
176,25,6,17,64.4000015258789,82.9000015258789,2017-06-25,C:\Users\Travis Collier\Desktop\proj\ddtool\testfiles\LAAR17
177,26,6,17,68.0,90.0999984741211,2017-06-26,C:\Users\Travis Collier\Desktop\proj\ddtool\testfiles\LAAR17
178,27,6,17,65.9000015258789,86.30000305175781,2017-06-27,C:\Users\Travis Collier\Desktop\proj\ddtool\testfiles\LAAR17
179,28,6,17,63.70000076293945,77.30000305175781,2017-06-28,C:\Users\Travis Collier\Desktop\proj\ddtool\testfiles\LAAR17
180,29,6,17,65.19999694824219,77.5,2017-06-29,C:\Users\Travis Collier\Desktop\proj\ddtool\testfiles\LAAR17
181,30,6,17,64.30000305175781,77.4000015258789,2017-06-30,C:\Users\Travis Collier\Desktop\proj\ddtool\testfiles\LAAR17
182,1,7,17,63.29999923706055,77.0,2017-07-01,C:\Users\Travis Collier\Desktop\proj\ddtool\testfiles\LAAR17
183,2,7,17,65.30000305175781,81.69999694824219,2017-07-02,C:\Users\Travis Collier\Desktop\proj\ddtool\testfiles\LAAR17
184,3,7,17,63.29999923706055,82.0,2017-07-03,C:\Users\Travis Collier\Desktop\proj\ddtool\testfiles\LAAR17
185,4,7,17,64.0,82.80000305175781,2017-07-04,C:\Users\Travis Collier\Desktop\proj\ddtool\testfiles\LAAR17
186,5,7,17,65.5,82.80000305175781,2017-07-05,C:\Users\Travis Collier\Desktop\proj\ddtool\testfiles\LAAR17
187,6,7,17,66.5,84.5,2017-07-06,C:\Users\Travis Collier\Desktop\proj\ddtool\testfiles\LAAR17
188,7,7,17,69.5999984741211,90.0,2017-07-07,C:\Users\Travis Collier\Desktop\proj\ddtool\testfiles\LAAR17
189,8,7,17,73.4000015258789,93.80000305175781,2017-07-08,C:\Users\Travis Collier\Desktop\proj\ddtool\testfiles\LAAR17
190,9,7,17,73.69999694824219,94.0,2017-07-09,C:\Users\Travis Collier\Desktop\proj\ddtool\testfiles\LAAR17
191,10,7,17,71.4000015258789,89.19999694824219,2017-07-10,C:\Users\Travis Collier\Desktop\proj\ddtool\testfiles\LAAR17
192,11,7,17,69.0,84.19999694824219,2017-07-11,C:\Users\Travis Collier\Desktop\proj\ddtool\testfiles\LAAR17
193,12,7,17,68.0,81.69999694824219,2017-07-12,C:\Users\Travis Collier\Desktop\proj\ddtool\testfiles\LAAR17
194,13,7,17,66.69999694824219,81.0,2017-07-13,C:\Users\Travis Collier\Desktop\proj\ddtool\testfiles\LAAR17
195,14,7,17,65.30000305175781,80.0999984741211,2017-07-14,C:\Users\Travis Collier\Desktop\proj\ddtool\testfiles\LAAR17
196,15,7,17,66.30000305175781,84.80000305175781,2017-07-15,C:\Users\Travis Collier\Desktop\proj\ddtool\testfiles\LAAR17
197,16,7,17,71.0999984741211,83.19999694824219,2017-07-16,C:\Users\Travis Collier\Desktop\proj\ddtool\testfiles\LAAR17
198,17,7,17,69.5999984741211,83.80000305175781,2017-07-17,C:\Users\Travis Collier\Desktop\proj\ddtool\testfiles\LAAR17
199,18,7,17,68.5,82.30000305175781,2017-07-18,C:\Users\Travis Collier\Desktop\proj\ddtool\testfiles\LAAR17
200,19,7,17,67.30000305175781,83.5,2017-07-19,C:\Users\Travis Collier\Desktop\proj\ddtool\testfiles\LAAR17
201,20,7,17,68.69999694824219,85.19999694824219,2017-07-20,C:\Users\Travis Collier\Desktop\proj\ddtool\testfiles\LAAR17
202,21,7,17,67.19999694824219,81.4000015258789,2017-07-21,C:\Users\Travis Collier\Desktop\proj\ddtool\testfiles\LAAR17
203,22,7,17,67.69999694824219,82.0999984741211,2017-07-22,C:\Users\Travis Collier\Desktop\proj\ddtool\testfiles\LAAR17
204,23,7,17,68.0,82.69999694824219,2017-07-23,C:\Users\Travis Collier\Desktop\proj\ddtool\testfiles\LAAR17
205,24,7,17,68.80000305175781,83.0,2017-07-24,C:\Users\Travis Collier\Desktop\proj\ddtool\testfiles\LAAR17
206,25,7,17,69.0999984741211,80.0,2017-07-25,C:\Users\Travis Collier\Desktop\proj\ddtool\testfiles\LAAR17
207,26,7,17,67.80000305175781,79.30000305175781,2017-07-26,C:\Users\Travis Collier\Desktop\proj\ddtool\testfiles\LAAR17
208,27,7,17,67.19999694824219,82.4000015258789,2017-07-27,C:\Users\Travis Collier\Desktop\proj\ddtool\testfiles\LAAR17
209,28,7,17,66.80000305175781,79.80000305175781,2017-07-28,C:\Users\Travis Collier\Desktop\proj\ddtool\testfiles\LAAR17
210,29,7,17,67.5,82.0,2017-07-29,C:\Users\Travis Collier\Desktop\proj\ddtool\testfiles\LAAR17
211,30,7,17,67.19999694824219,80.0,2017-07-30,C:\Users\Travis Collier\Desktop\proj\ddtool\testfiles\LAAR17
212,31,7,17,66.5999984741211,76.9000015258789,2017-07-31,C:\Users\Travis Collier\Desktop\proj\ddtool\testfiles\LAAR17
213,1,8,17,68.5,93.69999694824219,2017-08-01,C:\Users\Travis Collier\Desktop\proj\ddtool\testfiles\LAAR17
214,2,8,17,73.80000305175781,91.69999694824219,2017-08-02,C:\Users\Travis Collier\Desktop\proj\ddtool\testfiles\LAAR17
215,3,8,17,75.0,87.5,2017-08-03,C:\Users\Travis Collier\Desktop\proj\ddtool\testfiles\LAAR17
216,4,8,17,71.69999694824219,85.5,2017-08-04,C:\Users\Travis Collier\Desktop\proj\ddtool\testfiles\LAAR17
217,5,8,17,70.0,82.0,2017-08-05,C:\Users\Travis Collier\Desktop\proj\ddtool\testfiles\LAAR17
218,6,8,17,69.69999694824219,82.4000015258789,2017-08-06,C:\Users\Travis Collier\Desktop\proj\ddtool\testfiles\LAAR17
219,7,8,17,67.9000015258789,80.69999694824219,2017-08-07,C:\Users\Travis Collier\Desktop\proj\ddtool\testfiles\LAAR17
220,8,8,17,68.0999984741211,82.5,2017-08-08,C:\Users\Travis Collier\Desktop\proj\ddtool\testfiles\LAAR17
221,9,8,17,66.9000015258789,82.5,2017-08-09,C:\Users\Travis Collier\Desktop\proj\ddtool\testfiles\LAAR17
222,10,8,17,67.80000305175781,82.9000015258789,2017-08-10,C:\Users\Travis Collier\Desktop\proj\ddtool\testfiles\LAAR17
223,11,8,17,66.69999694824219,80.4000015258789,2017-08-11,C:\Users\Travis Collier\Desktop\proj\ddtool\testfiles\LAAR17
224,12,8,17,66.0,80.5999984741211,2017-08-12,C:\Users\Travis Collier\Desktop\proj\ddtool\testfiles\LAAR17
225,13,8,17,66.0,80.5,2017-08-13,C:\Users\Travis Collier\Desktop\proj\ddtool\testfiles\LAAR17
226,14,8,17,67.9000015258789,77.19999694824219,2017-08-14,C:\Users\Travis Collier\Desktop\proj\ddtool\testfiles\LAAR17
227,15,8,17,67.0,76.30000305175781,2017-08-15,C:\Users\Travis Collier\Desktop\proj\ddtool\testfiles\LAAR17
228,16,8,17,67.5,77.0,2017-08-16,C:\Users\Travis Collier\Desktop\proj\ddtool\testfiles\LAAR17
229,17,8,17,64.9000015258789,79.0999984741211,2017-08-17,C:\Users\Travis Collier\Desktop\proj\ddtool\testfiles\LAAR17
230,18,8,17,65.30000305175781,77.5999984741211,2017-08-18,C:\Users\Travis Collier\Desktop\proj\ddtool\testfiles\LAAR17
231,19,8,17,65.69999694824219,78.5,2017-08-19,C:\Users\Travis Collier\Desktop\proj\ddtool\testfiles\LAAR17
232,20,8,17,67.4000015258789,77.9000015258789,2017-08-20,C:\Users\Travis Collier\Desktop\proj\ddtool\testfiles\LAAR17
233,21,8,17,68.30000305175781,79.30000305175781,2017-08-21,C:\Users\Travis Collier\Desktop\proj\ddtool\testfiles\LAAR17
234,22,8,17,65.4000015258789,78.30000305175781,2017-08-22,C:\Users\Travis Collier\Desktop\proj\ddtool\testfiles\LAAR17
235,23,8,17,66.9000015258789,77.30000305175781,2017-08-23,C:\Users\Travis Collier\Desktop\proj\ddtool\testfiles\LAAR17
236,24,8,17,66.80000305175781,77.80000305175781,2017-08-24,C:\Users\Travis Collier\Desktop\proj\ddtool\testfiles\LAAR17
237,25,8,17,68.5,79.0999984741211,2017-08-25,C:\Users\Travis Collier\Desktop\proj\ddtool\testfiles\LAAR17
238,26,8,17,67.9000015258789,81.0,2017-08-26,C:\Users\Travis Collier\Desktop\proj\ddtool\testfiles\LAAR17
239,27,8,17,67.30000305175781,79.0,2017-08-27,C:\Users\Travis Collier\Desktop\proj\ddtool\testfiles\LAAR17
240,28,8,17,66.5999984741211,84.0,2017-08-28,C:\Users\Travis Collier\Desktop\proj\ddtool\testfiles\LAAR17
241,29,8,17,69.30000305175781,89.0,2017-08-29,C:\Users\Travis Collier\Desktop\proj\ddtool\testfiles\LAAR17
242,30,8,17,71.5999984741211,90.4000015258789,2017-08-30,C:\Users\Travis Collier\Desktop\proj\ddtool\testfiles\LAAR17
243,31,8,17,73.4000015258789,96.0,2017-08-31,C:\Users\Travis Collier\Desktop\proj\ddtool\testfiles\LAAR17
244,1,9,17,75.5,101.0,2017-09-01,C:\Users\Travis Collier\Desktop\proj\ddtool\testfiles\LAAR17
245,2,9,17,77.30000305175781,99.4000015258789,2017-09-02,C:\Users\Travis Collier\Desktop\proj\ddtool\testfiles\LAAR17
246,3,9,17,77.0999984741211,97.9000015258789,2017-09-03,C:\Users\Travis Collier\Desktop\proj\ddtool\testfiles\LAAR17
247,4,9,17,73.80000305175781,82.0,2017-09-04,C:\Users\Travis Collier\Desktop\proj\ddtool\testfiles\LAAR17
248,5,9,17,70.5999984741211,84.5999984741211,2017-09-05,C:\Users\Travis Collier\Desktop\proj\ddtool\testfiles\LAAR17
249,6,9,17,70.69999694824219,82.0999984741211,2017-09-06,C:\Users\Travis Collier\Desktop\proj\ddtool\testfiles\LAAR17
250,7,9,17,66.19999694824219,82.30000305175781,2017-09-07,C:\Users\Travis Collier\Desktop\proj\ddtool\testfiles\LAAR17
251,8,9,17,66.9000015258789,81.0999984741211,2017-09-08,C:\Users\Travis Collier\Desktop\proj\ddtool\testfiles\LAAR17
252,9,9,17,67.80000305175781,82.4000015258789,2017-09-09,C:\Users\Travis Collier\Desktop\proj\ddtool\testfiles\LAAR17
253,10,9,17,66.30000305175781,87.69999694824219,2017-09-10,C:\Users\Travis Collier\Desktop\proj\ddtool\testfiles\LAAR17
254,11,9,17,70.80000305175781,84.4000015258789,2017-09-11,C:\Users\Travis Collier\Desktop\proj\ddtool\testfiles\LAAR17
255,12,9,17,68.0999984741211,79.0,2017-09-12,C:\Users\Travis Collier\Desktop\proj\ddtool\testfiles\LAAR17
256,13,9,17,66.80000305175781,76.19999694824219,2017-09-13,C:\Users\Travis Collier\Desktop\proj\ddtool\testfiles\LAAR17
257,14,9,17,63.29999923706055,76.19999694824219,2017-09-14,C:\Users\Travis Collier\Desktop\proj\ddtool\testfiles\LAAR17
258,15,9,17,66.5999984741211,77.69999694824219,2017-09-15,C:\Users\Travis Collier\Desktop\proj\ddtool\testfiles\LAAR17
259,16,9,17,65.0,78.80000305175781,2017-09-16,C:\Users\Travis Collier\Desktop\proj\ddtool\testfiles\LAAR17
260,17,9,17,65.69999694824219,75.0999984741211,2017-09-17,C:\Users\Travis Collier\Desktop\proj\ddtool\testfiles\LAAR17
261,18,9,17,61.599998474121094,76.5999984741211,2017-09-18,C:\Users\Travis Collier\Desktop\proj\ddtool\testfiles\LAAR17
262,19,9,17,67.5,78.69999694824219,2017-09-19,C:\Users\Travis Collier\Desktop\proj\ddtool\testfiles\LAAR17
263,20,9,17,63.900001525878906,79.0,2017-09-20,C:\Users\Travis Collier\Desktop\proj\ddtool\testfiles\LAAR17
264,21,9,17,64.30000305175781,71.80000305175781,2017-09-21,C:\Users\Travis Collier\Desktop\proj\ddtool\testfiles\LAAR17
265,22,9,17,59.70000076293945,74.5999984741211,2017-09-22,C:\Users\Travis Collier\Desktop\proj\ddtool\testfiles\LAAR17
266,23,9,17,58.400001525878906,74.4000015258789,2017-09-23,C:\Users\Travis Collier\Desktop\proj\ddtool\testfiles\LAAR17
267,24,9,17,58.5,81.5,2017-09-24,C:\Users\Travis Collier\Desktop\proj\ddtool\testfiles\LAAR17
268,25,9,17,61.400001525878906,85.5,2017-09-25,C:\Users\Travis Collier\Desktop\proj\ddtool\testfiles\LAAR17
269,26,9,17,62.099998474121094,83.30000305175781,2017-09-26,C:\Users\Travis Collier\Desktop\proj\ddtool\testfiles\LAAR17
270,27,9,17,60.400001525878906,84.5999984741211,2017-09-27,C:\Users\Travis Collier\Desktop\proj\ddtool\testfiles\LAAR17
271,28,9,17,61.79999923706055,85.0,2017-09-28,C:\Users\Travis Collier\Desktop\proj\ddtool\testfiles\LAAR17
272,29,9,17,62.0,85.9000015258789,2017-09-29,C:\Users\Travis Collier\Desktop\proj\ddtool\testfiles\LAAR17
273,30,9,17,63.70000076293945,80.4000015258789,2017-09-30,C:\Users\Travis Collier\Desktop\proj\ddtool\testfiles\LAAR17
274,1,10,17,66.30000305175781,78.0999984741211,2017-10-01,C:\Users\Travis Collier\Desktop\proj\ddtool\testfiles\LAAR17
275,2,10,17,62.099998474121094,78.0999984741211,2017-10-02,C:\Users\Travis Collier\Desktop\proj\ddtool\testfiles\LAAR17
276,3,10,17,63.099998474121094,73.5999984741211,2017-10-03,C:\Users\Travis Collier\Desktop\proj\ddtool\testfiles\LAAR17
277,4,10,17,58.599998474121094,78.5999984741211,2017-10-04,C:\Users\Travis Collier\Desktop\proj\ddtool\testfiles\LAAR17
278,5,10,17,57.900001525878906,83.4000015258789,2017-10-05,C:\Users\Travis Collier\Desktop\proj\ddtool\testfiles\LAAR17
279,6,10,17,59.0,92.5,2017-10-06,C:\Users\Travis Collier\Desktop\proj\ddtool\testfiles\LAAR17
280,7,10,17,64.19999694824219,92.0999984741211,2017-10-07,C:\Users\Travis Collier\Desktop\proj\ddtool\testfiles\LAAR17
281,8,10,17,63.29999923706055,80.69999694824219,2017-10-08,C:\Users\Travis Collier\Desktop\proj\ddtool\testfiles\LAAR17
282,9,10,17,64.69999694824219,85.9000015258789,2017-10-09,C:\Users\Travis Collier\Desktop\proj\ddtool\testfiles\LAAR17
283,10,10,17,50.5,82.5999984741211,2017-10-10,C:\Users\Travis Collier\Desktop\proj\ddtool\testfiles\LAAR17
284,11,10,17,59.79999923706055,75.0,2017-10-11,C:\Users\Travis Collier\Desktop\proj\ddtool\testfiles\LAAR17
285,12,10,17,62.70000076293945,74.0999984741211,2017-10-12,C:\Users\Travis Collier\Desktop\proj\ddtool\testfiles\LAAR17
286,13,10,17,58.099998474121094,75.9000015258789,2017-10-13,C:\Users\Travis Collier\Desktop\proj\ddtool\testfiles\LAAR17
287,14,10,17,58.79999923706055,86.30000305175781,2017-10-14,C:\Users\Travis Collier\Desktop\proj\ddtool\testfiles\LAAR17
288,15,10,17,62.70000076293945,98.69999694824219,2017-10-15,C:\Users\Travis Collier\Desktop\proj\ddtool\testfiles\LAAR17
289,16,10,17,66.0,91.80000305175781,2017-10-16,C:\Users\Travis Collier\Desktop\proj\ddtool\testfiles\LAAR17
290,17,10,17,67.0999984741211,90.30000305175781,2017-10-17,C:\Users\Travis Collier\Desktop\proj\ddtool\testfiles\LAAR17
291,18,10,17,66.9000015258789,83.5999984741211,2017-10-18,C:\Users\Travis Collier\Desktop\proj\ddtool\testfiles\LAAR17
292,19,10,17,64.5,76.0999984741211,2017-10-19,C:\Users\Travis Collier\Desktop\proj\ddtool\testfiles\LAAR17
293,20,10,17,64.4000015258789,74.30000305175781,2017-10-20,C:\Users\Travis Collier\Desktop\proj\ddtool\testfiles\LAAR17
294,21,10,17,58.0,79.0,2017-10-21,C:\Users\Travis Collier\Desktop\proj\ddtool\testfiles\LAAR17
295,22,10,17,61.400001525878906,93.0,2017-10-22,C:\Users\Travis Collier\Desktop\proj\ddtool\testfiles\LAAR17
296,23,10,17,66.9000015258789,104.30000305175781,2017-10-23,C:\Users\Travis Collier\Desktop\proj\ddtool\testfiles\LAAR17
297,24,10,17,67.30000305175781,104.9000015258789,2017-10-24,C:\Users\Travis Collier\Desktop\proj\ddtool\testfiles\LAAR17
298,25,10,17,69.69999694824219,100.0999984741211,2017-10-25,C:\Users\Travis Collier\Desktop\proj\ddtool\testfiles\LAAR17
299,26,10,17,66.4000015258789,90.69999694824219,2017-10-26,C:\Users\Travis Collier\Desktop\proj\ddtool\testfiles\LAAR17
300,27,10,17,63.0,84.0999984741211,2017-10-27,C:\Users\Travis Collier\Desktop\proj\ddtool\testfiles\LAAR17
301,28,10,17,62.29999923706055,76.19999694824219,2017-10-28,C:\Users\Travis Collier\Desktop\proj\ddtool\testfiles\LAAR17
302,29,10,17,61.400001525878906,72.5999984741211,2017-10-29,C:\Users\Travis Collier\Desktop\proj\ddtool\testfiles\LAAR17
303,30,10,17,64.80000305175781,69.30000305175781,2017-10-30,C:\Users\Travis Collier\Desktop\proj\ddtool\testfiles\LAAR17
304,31,10,17,63.099998474121094,69.4000015258789,2017-10-31,C:\Users\Travis Collier\Desktop\proj\ddtool\testfiles\LAAR17
305,1,11,17,63.900001525878906,72.5999984741211,2017-11-01,C:\Users\Travis Collier\Desktop\proj\ddtool\testfiles\LAAR17
306,2,11,17,61.900001525878906,67.80000305175781,2017-11-02,C:\Users\Travis Collier\Desktop\proj\ddtool\testfiles\LAAR17
307,3,11,17,61.0,72.4000015258789,2017-11-03,C:\Users\Travis Collier\Desktop\proj\ddtool\testfiles\LAAR17
308,4,11,17,56.900001525878906,70.9000015258789,2017-11-04,C:\Users\Travis Collier\Desktop\proj\ddtool\testfiles\LAAR17
309,5,11,17,59.900001525878906,71.5999984741211,2017-11-05,C:\Users\Travis Collier\Desktop\proj\ddtool\testfiles\LAAR17
310,6,11,17,59.79999923706055,72.5999984741211,2017-11-06,C:\Users\Travis Collier\Desktop\proj\ddtool\testfiles\LAAR17
311,7,11,17,59.29999923706055,75.4000015258789,2017-11-07,C:\Users\Travis Collier\Desktop\proj\ddtool\testfiles\LAAR17
312,8,11,17,56.599998474121094,73.0,2017-11-08,C:\Users\Travis Collier\Desktop\proj\ddtool\testfiles\LAAR17
313,9,11,17,59.400001525878906,71.5999984741211,2017-11-09,C:\Users\Travis Collier\Desktop\proj\ddtool\testfiles\LAAR17
314,10,11,17,58.0,70.19999694824219,2017-11-10,C:\Users\Travis Collier\Desktop\proj\ddtool\testfiles\LAAR17
315,11,11,17,54.5,71.0,2017-11-11,C:\Users\Travis Collier\Desktop\proj\ddtool\testfiles\LAAR17
316,12,11,17,56.0,70.19999694824219,2017-11-12,C:\Users\Travis Collier\Desktop\proj\ddtool\testfiles\LAAR17
317,13,11,17,53.0,74.19999694824219,2017-11-13,C:\Users\Travis Collier\Desktop\proj\ddtool\testfiles\LAAR17
318,14,11,17,52.900001525878906,75.5,2017-11-14,C:\Users\Travis Collier\Desktop\proj\ddtool\testfiles\LAAR17
319,15,11,17,56.400001525878906,78.30000305175781,2017-11-15,C:\Users\Travis Collier\Desktop\proj\ddtool\testfiles\LAAR17
320,16,11,17,60.900001525878906,76.5999984741211,2017-11-16,C:\Users\Travis Collier\Desktop\proj\ddtool\testfiles\LAAR17
321,17,11,17,61.599998474121094,73.0,2017-11-17,C:\Users\Travis Collier\Desktop\proj\ddtool\testfiles\LAAR17
322,18,11,17,56.5,79.5,2017-11-18,C:\Users\Travis Collier\Desktop\proj\ddtool\testfiles\LAAR17
323,19,11,17,55.0,78.5999984741211,2017-11-19,C:\Users\Travis Collier\Desktop\proj\ddtool\testfiles\LAAR17
324,20,11,17,51.29999923706055,74.30000305175781,2017-11-20,C:\Users\Travis Collier\Desktop\proj\ddtool\testfiles\LAAR17
325,21,11,17,59.5,83.0999984741211,2017-11-21,C:\Users\Travis Collier\Desktop\proj\ddtool\testfiles\LAAR17
326,22,11,17,64.0,94.4000015258789,2017-11-22,C:\Users\Travis Collier\Desktop\proj\ddtool\testfiles\LAAR17
327,23,11,17,66.30000305175781,89.5999984741211,2017-11-23,C:\Users\Travis Collier\Desktop\proj\ddtool\testfiles\LAAR17
328,24,11,17,60.79999923706055,82.9000015258789,2017-11-24,C:\Users\Travis Collier\Desktop\proj\ddtool\testfiles\LAAR17
329,25,11,17,60.900001525878906,83.9000015258789,2017-11-25,C:\Users\Travis Collier\Desktop\proj\ddtool\testfiles\LAAR17
330,26,11,17,60.29999923706055,69.0,2017-11-26,C:\Users\Travis Collier\Desktop\proj\ddtool\testfiles\LAAR17
331,27,11,17,58.099998474121094,70.19999694824219,2017-11-27,C:\Users\Travis Collier\Desktop\proj\ddtool\testfiles\LAAR17
332,28,11,17,49.599998474121094,76.30000305175781,2017-11-28,C:\Users\Travis Collier\Desktop\proj\ddtool\testfiles\LAAR17
333,29,11,17,52.900001525878906,72.69999694824219,2017-11-29,C:\Users\Travis Collier\Desktop\proj\ddtool\testfiles\LAAR17
334,30,11,17,51.5,74.9000015258789,2017-11-30,C:\Users\Travis Collier\Desktop\proj\ddtool\testfiles\LAAR17
335,1,12,17,52.20000076293945,71.9000015258789,2017-12-01,C:\Users\Travis Collier\Desktop\proj\ddtool\testfiles\LAAR17
336,2,12,17,52.70000076293945,72.5999984741211,2017-12-02,C:\Users\Travis Collier\Desktop\proj\ddtool\testfiles\LAAR17
337,3,12,17,52.0,69.30000305175781,2017-12-03,C:\Users\Travis Collier\Desktop\proj\ddtool\testfiles\LAAR17
338,4,12,17,54.099998474121094,73.0999984741211,2017-12-04,C:\Users\Travis Collier\Desktop\proj\ddtool\testfiles\LAAR17
339,5,12,17,52.20000076293945,70.30000305175781,2017-12-05,C:\Users\Travis Collier\Desktop\proj\ddtool\testfiles\LAAR17
340,6,12,17,46.79999923706055,75.5999984741211,2017-12-06,C:\Users\Travis Collier\Desktop\proj\ddtool\testfiles\LAAR17
341,7,12,17,47.099998474121094,79.69999694824219,2017-12-07,C:\Users\Travis Collier\Desktop\proj\ddtool\testfiles\LAAR17
342,8,12,17,50.0,77.0999984741211,2017-12-08,C:\Users\Travis Collier\Desktop\proj\ddtool\testfiles\LAAR17
343,9,12,17,54.400001525878906,82.80000305175781,2017-12-09,C:\Users\Travis Collier\Desktop\proj\ddtool\testfiles\LAAR17
344,10,12,17,54.0,82.5999984741211,2017-12-10,C:\Users\Travis Collier\Desktop\proj\ddtool\testfiles\LAAR17
345,11,12,17,56.70000076293945,80.5999984741211,2017-12-11,C:\Users\Travis Collier\Desktop\proj\ddtool\testfiles\LAAR17
346,12,12,17,52.599998474121094,82.30000305175781,2017-12-12,C:\Users\Travis Collier\Desktop\proj\ddtool\testfiles\LAAR17
347,13,12,17,53.400001525878906,79.5,2017-12-13,C:\Users\Travis Collier\Desktop\proj\ddtool\testfiles\LAAR17
348,14,12,17,48.900001525878906,76.9000015258789,2017-12-14,C:\Users\Travis Collier\Desktop\proj\ddtool\testfiles\LAAR17
349,15,12,17,53.400001525878906,80.5999984741211,2017-12-15,C:\Users\Travis Collier\Desktop\proj\ddtool\testfiles\LAAR17
350,16,12,17,53.400001525878906,69.0,2017-12-16,C:\Users\Travis Collier\Desktop\proj\ddtool\testfiles\LAAR17
351,17,12,17,47.20000076293945,73.5999984741211,2017-12-17,C:\Users\Travis Collier\Desktop\proj\ddtool\testfiles\LAAR17
352,18,12,17,50.099998474121094,72.5999984741211,2017-12-18,C:\Users\Travis Collier\Desktop\proj\ddtool\testfiles\LAAR17
353,19,12,17,49.099998474121094,71.0,2017-12-19,C:\Users\Travis Collier\Desktop\proj\ddtool\testfiles\LAAR17
354,20,12,17,48.599998474121094,59.70000076293945,2017-12-20,C:\Users\Travis Collier\Desktop\proj\ddtool\testfiles\LAAR17
355,21,12,17,46.599998474121094,63.400001525878906,2017-12-21,C:\Users\Travis Collier\Desktop\proj\ddtool\testfiles\LAAR17
356,22,12,17,42.099998474121094,66.30000305175781,2017-12-22,C:\Users\Travis Collier\Desktop\proj\ddtool\testfiles\LAAR17
357,23,12,17,47.599998474121094,66.9000015258789,2017-12-23,C:\Users\Travis Collier\Desktop\proj\ddtool\testfiles\LAAR17
358,24,12,17,48.900001525878906,68.5999984741211,2017-12-24,C:\Users\Travis Collier\Desktop\proj\ddtool\testfiles\LAAR17
359,25,12,17,47.70000076293945,68.5,2017-12-25,C:\Users\Travis Collier\Desktop\proj\ddtool\testfiles\LAAR17
360,26,12,17,46.599998474121094,68.4000015258789,2017-12-26,C:\Users\Travis Collier\Desktop\proj\ddtool\testfiles\LAAR17
361,27,12,17,48.599998474121094,76.0,2017-12-27,C:\Users\Travis Collier\Desktop\proj\ddtool\testfiles\LAAR17
362,28,12,17,49.0,77.4000015258789,2017-12-28,C:\Users\Travis Collier\Desktop\proj\ddtool\testfiles\LAAR17
363,29,12,17,54.5,80.30000305175781,2017-12-29,C:\Users\Travis Collier\Desktop\proj\ddtool\testfiles\LAAR17
364,30,12,17,48.29999923706055,72.4000015258789,2017-12-30,C:\Users\Travis Collier\Desktop\proj\ddtool\testfiles\LAAR17
365,31,12,17,50.900001525878906,69.69999694824219,2017-12-31,C:\Users\Travis Collier\Desktop\proj\ddtool\testfiles\LAAR17
